experiment,duration,N,positives,y_pred1,y_pred2,y_pred3,y_pred4,y_pred5,y_pred6,y_pred7,y_pred8,y_pred9,y_pred10,y_pred11,y_pred12,y_pred13,y_pred14,y_pred15,y_pred16,y_pred17,y_pred18,y_pred19,y_pred20,y_pred21,y_pred22,y_pred23,y_pred24,y_pred25,y_pred26,y_pred27,y_pred28,y_pred29,y_pred30,y_pred31,y_pred32,y_pred33,y_pred34,y_pred35,y_pred36,y_pred37,y_pred38,y_pred39,y_pred40,y_pred41,y_pred42,y_pred43,y_pred44,y_pred45,y_pred46,y_pred47,y_pred48,y_pred49,y_pred50,y_pred51,y_pred52,y_pred53,y_pred54,y_pred55,y_pred56,y_pred57,y_pred58,y_pred59,y_pred60,y_pred61,y_pred62,y_pred63,y_pred64,y_pred65,y_pred66,y_pred67,y_pred68,y_pred69,y_pred70,y_pred71,y_pred72,y_pred73,y_pred74,y_pred75,y_pred76,y_pred77,y_pred78,y_pred79,y_pred80,y_pred81,y_pred82,y_pred83,y_pred84,y_pred85,y_pred86,y_pred87,y_pred88,y_pred89,y_pred90,y_pred91,y_pred92,y_pred93,y_pred94,y_pred95,y_pred96,y_pred97,y_pred98,y_pred99,y_pred100,y_pred101,y_pred102,y_pred103,y_pred104,y_pred105,y_pred106,y_pred107,y_pred108,y_pred109,y_pred110,y_pred111,y_pred112,y_pred113,y_pred114,y_pred115,y_pred116,y_pred117,y_pred118,y_pred119,y_pred120,y_pred121,y_pred122,y_pred123,y_pred124,y_pred125,y_pred126,y_pred127,y_pred128,y_pred129,y_pred130,y_pred131,y_pred132,y_pred133,y_pred134,y_pred135,y_pred136,y_pred137,y_pred138,y_pred139,y_pred140,y_pred141,y_pred142,y_pred143,y_pred144,y_pred145,y_pred146,y_pred147,y_pred148,y_pred149,y_pred150,y_pred151,y_pred152,y_pred153,y_pred154,y_pred155,y_pred156,y_pred157,y_pred158,y_pred159,y_pred160,y_pred161,y_pred162,y_pred163,y_pred164,y_pred165,y_pred166,y_pred167,y_pred168,y_pred169,y_pred170,y_pred171,y_pred172,y_pred173,y_pred174,y_pred175,y_pred176,y_pred177,y_pred178,y_pred179,y_pred180,y_pred181,y_pred182,y_pred183,y_pred184,y_pred185,y_pred186,y_pred187,y_pred188,y_pred189,y_pred190,y_pred191,y_pred192,y_pred193,y_pred194,y_pred195,y_pred196,y_pred197,y_pred198,y_pred199,y_pred200,y_pred201,y_pred202,y_pred203,y_pred204,y_pred205,y_pred206,y_pred207,y_pred208,y_pred209,y_pred210,y_pred211,y_pred212,y_pred213,y_pred214,y_pred215,y_pred216,y_pred217,y_pred218,y_pred219,y_pred220,y_pred221,y_pred222,y_pred223,y_pred224,y_pred225,y_pred226,y_pred227,y_pred228,y_pred229,y_pred230,y_pred231,y_pred232,y_pred233,y_pred234,y_pred235,y_pred236,y_pred237,y_pred238,y_pred239,y_pred240,y_pred241,y_pred242,y_pred243,y_pred244,y_pred245,y_pred246,y_pred247,y_pred248,y_pred249,y_pred250,y_pred251,y_pred252,y_pred253,y_pred254,y_pred255,y_pred256,y_pred257,y_pred258,y_pred259,y_pred260,y_pred261,y_pred262,y_pred263,y_pred264,y_pred265,y_pred266,y_pred267,y_pred268,y_pred269,y_pred270,y_pred271,y_pred272,y_pred273,y_pred274,y_pred275,y_pred276,y_pred277,y_pred278,y_pred279,y_pred280,y_pred281,y_pred282,y_pred283,y_pred284,y_pred285,y_pred286,y_pred287,y_pred288,y_pred289,y_pred290,y_pred291,y_pred292,y_pred293,y_pred294,y_pred295,y_pred296,y_pred297,y_pred298,y_pred299,y_pred300,y_pred301,y_pred302,y_pred303,y_pred304,y_pred305,y_pred306,y_pred307,y_pred308,y_pred309,y_pred310,y_pred311,y_pred312,y_pred313,y_pred314,y_pred315,y_pred316,y_pred317,y_pred318,y_pred319,y_pred320,y_pred321,y_pred322,y_pred323,y_pred324,y_pred325,y_pred326,y_pred327,y_pred328,y_pred329,y_pred330,y_pred331,y_pred332,y_pred333,y_pred334,y_pred335,y_pred336,y_pred337,y_pred338,y_pred339,y_pred340,y_pred341,y_pred342,y_pred343,y_pred344,y_pred345,y_pred346,y_pred347,y_pred348,y_pred349,y_pred350,y_pred351,y_pred352,y_pred353,y_pred354,y_pred355,y_pred356,y_pred357,y_pred358,y_pred359,y_pred360,y_pred361,y_pred362,y_pred363,y_pred364,y_pred365,y_pred366,y_pred367,y_pred368,y_pred369,y_pred370,y_pred371,y_pred372,y_pred373,y_pred374,y_pred375,y_pred376,y_pred377,y_pred378,y_pred379,y_pred380,y_pred381,y_pred382,y_pred383,y_pred384,y_pred385,y_pred386,y_pred387,y_pred388,y_pred389,y_pred390,y_pred391,y_pred392,y_pred393,y_pred394,y_pred395,y_pred396,y_pred397,y_pred398,y_pred399,y_pred400,y_pred401,y_pred402,y_pred403,y_pred404,y_pred405,y_pred406,y_pred407,y_pred408,y_pred409,y_pred410,y_pred411,y_pred412,y_pred413,y_pred414,y_pred415,y_pred416,y_pred417,y_pred418,y_pred419,y_pred420,y_pred421,y_pred422,y_pred423,y_pred424,y_pred425,y_pred426,y_pred427,y_pred428,y_pred429,y_pred430,y_pred431,y_pred432,y_pred433,y_pred434,y_pred435,y_pred436,y_pred437,y_pred438,y_pred439,y_pred440,y_pred441,y_pred442,y_pred443,y_pred444,y_pred445,y_pred446,y_pred447,y_pred448,y_pred449,y_pred450,y_pred451,y_pred452,y_pred453,y_pred454,y_pred455,y_pred456,y_pred457,y_pred458,y_pred459,y_pred460,y_pred461,y_pred462,y_pred463,y_pred464,y_pred465,y_pred466,y_pred467,y_pred468,y_pred469,y_pred470,y_pred471,y_pred472,y_pred473,y_pred474,y_pred475,y_pred476,y_pred477,y_pred478,y_pred479,y_pred480,y_pred481,y_pred482,y_pred483,y_pred484,y_pred485,y_pred486,y_pred487,y_pred488,y_pred489,y_pred490,y_pred491,y_pred492,y_pred493,y_pred494,y_pred495,y_pred496,y_pred497,y_pred498,y_pred499,y_pred500,y_pred501,y_pred502,y_pred503,y_pred504,y_pred505,y_pred506,y_pred507,y_pred508,y_pred509,y_pred510,y_pred511,y_pred512,y_pred513,y_pred514,y_pred515,y_pred516,y_pred517,y_pred518,y_pred519,y_pred520,y_pred521,y_pred522,y_pred523,y_pred524,y_pred525,y_pred526,y_pred527,y_pred528,y_pred529,y_pred530,y_pred531,y_pred532,y_pred533,y_pred534,y_pred535,y_pred536,y_pred537,y_pred538,y_pred539,y_pred540,y_pred541,y_pred542,y_pred543,y_pred544,y_pred545,y_pred546,y_pred547,y_pred548,y_pred549,y_pred550,y_pred551,y_pred552,y_pred553,y_pred554,y_pred555,y_pred556,y_pred557,y_pred558,y_pred559,y_pred560,y_pred561,y_pred562,y_pred563,y_pred564,y_pred565,y_pred566,y_pred567,y_pred568,y_pred569,y_pred570,y_pred571,y_pred572,y_pred573,y_pred574,y_pred575,y_pred576,y_pred577,y_pred578,y_pred579,y_pred580,y_pred581,y_pred582,y_pred583,y_pred584,y_pred585,y_pred586,y_pred587,y_pred588,y_pred589,y_pred590,y_pred591,y_pred592,y_pred593,y_pred594,y_pred595,y_pred596,y_pred597,y_pred598,y_pred599,y_pred600,y_pred601,y_pred602,y_pred603,y_pred604,y_pred605,y_pred606,y_pred607,y_pred608,y_pred609,y_pred610,y_pred611,y_pred612,y_pred613,y_pred614,y_pred615,y_pred616,y_pred617,y_pred618,y_pred619,y_pred620,y_pred621,y_pred622,y_pred623,y_pred624,y_pred625,y_pred626,y_pred627,y_pred628,y_pred629,y_pred630,y_pred631,y_pred632,y_pred633,y_pred634,y_pred635,y_pred636,y_pred637,y_pred638,y_pred639,y_pred640,y_pred641,y_pred642,y_pred643,y_pred644,y_pred645,y_pred646,y_pred647,y_pred648,y_pred649,y_pred650,y_pred651,y_pred652,y_pred653,y_pred654,y_pred655,y_pred656,y_pred657,y_pred658,y_pred659,y_pred660,y_pred661,y_pred662,y_pred663,y_pred664,y_pred665,y_pred666,y_pred667,y_pred668,y_pred669,y_pred670,y_pred671,y_pred672,y_pred673,y_pred674,y_pred675,y_pred676,y_pred677,y_pred678,y_pred679,y_pred680,y_pred681,y_pred682,y_pred683,y_pred684,y_pred685,y_pred686,y_pred687,y_pred688,y_pred689,y_pred690,y_pred691,y_pred692,y_pred693,y_pred694,y_pred695,y_pred696,y_pred697,y_pred698,y_pred699,y_pred700,y_pred701,y_pred702,y_pred703,y_pred704,y_pred705,y_pred706,y_pred707,y_pred708,y_pred709,y_pred710,y_pred711,y_pred712,y_pred713,y_pred714,y_pred715,y_pred716,y_pred717,y_pred718,y_pred719,y_pred720,y_pred721,y_pred722,y_pred723,y_pred724,y_pred725,y_pred726,y_pred727,y_pred728,y_pred729,y_pred730,y_pred731,y_pred732,y_pred733,y_pred734,y_pred735,y_pred736,y_pred737,y_pred738,y_pred739,y_pred740,y_pred741,y_pred742,y_pred743,y_pred744,y_pred745,y_pred746,y_pred747,y_pred748,y_pred749,y_pred750,y_pred751,y_pred752,y_pred753,y_pred754,y_pred755,y_pred756,y_pred757,y_pred758,y_pred759,y_pred760,y_pred761,y_pred762,y_pred763,y_pred764,y_pred765,y_pred766,y_pred767,y_pred768,y_pred769,y_pred770,y_pred771,y_pred772,y_pred773,y_pred774,y_pred775,y_pred776,y_pred777,y_pred778,y_pred779,y_pred780,y_pred781,y_pred782,y_pred783,y_pred784,y_pred785,y_pred786,y_pred787,y_pred788,y_pred789,y_pred790,y_pred791,y_pred792,y_pred793,y_pred794,y_pred795,y_pred796,y_pred797,y_pred798,y_pred799,y_pred800,y_pred801,y_pred802,y_pred803,y_pred804,y_pred805,y_pred806,y_pred807,y_pred808,y_pred809,y_pred810,y_pred811,y_pred812,y_pred813,y_pred814,y_pred815,y_pred816,y_pred817,y_pred818,y_pred819,y_pred820,y_pred821,y_pred822,y_pred823,y_pred824,y_pred825,y_pred826,y_pred827,y_pred828,y_pred829,y_pred830,y_pred831,y_pred832,y_pred833,y_pred834,y_pred835,y_pred836,y_pred837,y_pred838,y_pred839,y_pred840,y_pred841,y_pred842,y_pred843,y_pred844,y_pred845,y_pred846,y_pred847,y_pred848,y_pred849,y_pred850,y_pred851,y_pred852,y_pred853,y_pred854,y_pred855,y_pred856,y_pred857,y_pred858,y_pred859,y_pred860,y_pred861,y_pred862,y_pred863,y_pred864,y_pred865,y_pred866,y_pred867,y_pred868,y_pred869,y_pred870,y_pred871,y_pred872,y_pred873,y_pred874,y_pred875,y_pred876,y_pred877,y_pred878,y_pred879,y_pred880,y_pred881,y_pred882,y_pred883,y_pred884,y_pred885,y_pred886,y_pred887,y_pred888,y_pred889,y_pred890,y_pred891,y_pred892,y_pred893,y_pred894,y_pred895,y_pred896,y_pred897,y_pred898,y_pred899,y_pred900,y_pred901,y_pred902,y_pred903,y_pred904,y_pred905,y_pred906,y_pred907,y_pred908,y_pred909,y_pred910,y_pred911,y_pred912,y_pred913,y_pred914,y_pred915,y_pred916,y_pred917,y_pred918,y_pred919,y_pred920,y_pred921,y_pred922,y_pred923,y_pred924,y_pred925,y_pred926,y_pred927,y_pred928,y_pred929,y_pred930,y_pred931,y_pred932,y_pred933,y_pred934,y_pred935,y_pred936,y_pred937,y_pred938,y_pred939,y_pred940,y_pred941,y_pred942,y_pred943,y_pred944,y_pred945,y_pred946,y_pred947,y_pred948,y_pred949,y_pred950,y_pred951,y_pred952,y_pred953,y_pred954,y_pred955,y_pred956,y_pred957,y_pred958,y_pred959,y_pred960,y_pred961,y_pred962,y_pred963,y_pred964,y_pred965,y_pred966,y_pred967,y_pred968,y_pred969,y_pred970,y_pred971,y_pred972,y_pred973,y_pred974,y_pred975,y_pred976,y_pred977,y_pred978,y_pred979,y_pred980,y_pred981,y_pred982,y_pred983,y_pred984,y_pred985,y_pred986,y_pred987,y_pred988,y_pred989,y_pred990,y_pred991,y_pred992,y_pred993,y_pred994,y_pred995,y_pred996,y_pred997,y_pred998,y_pred999,y_pred1000
1,1h,6,0,2,1,3,2,0,1,2,0,0,1,0,1,1,0,3,2,1,0,0,0,1,0,3,1,3,1,2,1,0,0,0,2,0,1,1,1,2,1,2,0,2,2,0,2,1,2,0,1,2,2,0,0,0,1,1,2,1,1,2,1,3,2,2,0,2,1,3,1,1,0,1,3,1,1,1,1,2,1,2,0,2,0,0,2,2,0,0,1,0,0,0,1,1,3,2,3,2,2,3,1,0,0,0,1,1,2,0,1,1,1,2,2,3,2,0,0,1,3,1,1,0,0,2,0,1,2,1,2,1,1,1,4,2,2,1,0,2,0,0,1,2,1,1,1,3,0,1,0,2,2,2,1,2,1,2,2,0,1,1,2,2,0,1,2,3,1,1,2,0,2,0,1,0,1,1,2,1,1,2,2,2,1,0,1,3,0,2,2,2,0,0,1,0,1,2,1,1,2,2,3,1,0,2,2,1,2,0,1,2,1,2,1,0,1,2,0,2,2,0,0,2,2,1,2,1,0,2,0,2,1,2,0,0,2,1,1,0,1,0,0,1,1,2,2,1,2,5,2,3,1,1,1,0,1,2,1,1,1,4,1,0,2,2,0,2,1,0,1,0,1,1,1,1,1,1,3,0,1,0,2,1,2,0,0,1,1,1,0,1,0,1,1,2,1,0,0,2,1,1,2,3,1,1,2,2,0,2,2,1,0,0,1,2,0,1,1,1,2,1,0,2,3,3,2,0,1,3,2,0,2,0,0,2,0,2,2,1,1,3,0,0,1,2,2,1,2,1,0,1,1,1,1,2,2,1,0,0,1,1,1,1,1,2,1,0,0,1,3,2,1,2,3,3,0,1,0,0,1,0,1,1,0,1,2,2,1,1,1,2,0,1,2,0,2,0,1,1,1,1,1,1,1,0,3,2,1,1,1,0,2,1,3,1,1,1,1,3,0,0,0,1,0,1,0,2,0,3,1,2,2,1,1,0,0,2,1,0,1,1,2,0,1,2,3,3,2,0,2,0,1,0,0,0,1,1,3,1,1,0,1,1,2,1,1,2,1,0,2,1,1,2,0,2,1,2,0,0,2,0,1,2,1,1,0,0,2,0,0,1,2,0,2,1,1,0,1,2,0,2,1,1,1,1,1,2,0,2,2,0,2,1,1,1,2,1,1,2,2,2,0,2,0,2,2,0,1,3,1,1,2,0,2,0,0,0,1,1,0,0,1,2,0,0,1,1,2,2,1,1,1,1,2,2,2,2,2,1,0,1,1,0,2,3,2,0,1,2,3,2,1,1,1,2,1,2,2,1,3,0,2,1,1,1,2,1,1,1,0,3,1,4,4,1,0,0,0,3,0,2,1,1,1,2,4,4,2,0,0,1,1,2,1,0,2,3,2,0,2,1,1,1,2,0,2,2,2,1,0,2,1,0,2,0,5,1,0,1,1,1,1,2,0,1,0,2,0,1,0,1,0,1,1,2,2,4,3,2,0,0,1,2,2,1,2,0,2,4,1,0,0,2,3,1,0,2,1,2,4,0,3,1,0,0,3,3,2,3,2,0,0,0,1,1,2,1,0,2,2,1,1,2,0,2,1,0,0,2,2,0,2,1,1,0,2,0,1,2,0,1,2,2,2,0,1,0,1,0,3,3,1,0,2,2,2,1,2,1,2,0,1,1,2,0,0,2,1,1,2,0,3,0,1,1,1,1,2,0,1,0,2,2,1,0,0,2,2,1,2,1,1,1,0,3,2,1,0,2,1,3,1,2,2,0,1,1,3,3,1,1,1,2,2,1,2,1,3,1,0,2,1,1,2,1,2,2,1,0,1,2,1,2,1,2,1,0,0,0,3,5,1,2,0,0,1,1,0,2,2,1,1,0,1,1,0,2,1,0,1,1,2,0,0,0,1,1,3,1,0,0,0,1,2,1,0,1,1,0,2,0,1,2,2,2,1,1,0,0,1,4,2,2,1,1,2,0,0,1,1,1,1,1,1,1,1,0,0,0,0,1,2,0,1,0,1,1,0,1,2,0,2,1,2,3,1,4,1,0,0,2,1,1,2,1,2,3,2,1,1,0,2,1,0,1,0,0,1,1,1,2,4,2,0,0,0,1,1,0,2,3,2,1,4,1,2,0,2,2,0,0,0,3,1,2,2,1,1,1,2,0,3,1,1,1,2,0,1,2,1,2,0,0,2,2,3,2,2,1,1,2,2,3,0,1,2,0,1,3,1,2,2,2,0,1,1,0,3,1,0,0,2
1,6h,6,0,6,3,2,4,2,2,4,4,6,2,6,2,1,2,5,5,1,2,1,1,2,3,3,6,4,3,2,5,1,4,2,2,2,3,5,6,3,3,4,2,2,4,3,1,4,4,2,2,5,3,4,4,2,2,3,4,2,2,2,5,2,2,4,5,3,4,5,2,1,2,0,3,5,5,2,5,2,3,5,1,4,4,4,3,2,3,3,2,4,4,2,3,3,5,5,1,5,3,3,4,3,2,4,1,4,3,4,2,5,2,6,3,3,2,4,4,4,4,4,4,4,3,3,4,4,5,4,5,1,6,4,6,4,4,5,3,2,2,5,2,3,2,5,5,4,4,5,3,3,2,4,3,2,3,5,2,4,2,3,4,3,3,3,4,3,3,3,4,2,2,2,3,5,4,3,6,5,4,1,4,3,3,4,4,4,5,5,4,3,5,0,5,3,3,1,2,3,6,2,5,3,5,3,5,2,3,4,3,2,3,2,3,4,3,4,5,4,6,3,3,4,3,6,3,5,0,2,3,3,5,3,3,3,3,5,3,3,4,3,2,5,3,3,3,2,2,5,2,5,1,5,2,2,3,6,1,4,4,4,5,5,4,3,4,5,6,5,2,3,3,3,4,2,2,3,4,1,1,3,4,3,2,5,4,1,2,4,2,4,3,4,6,3,5,4,2,4,4,2,4,2,4,5,3,4,4,4,2,4,2,4,3,5,4,2,2,3,5,3,3,3,6,4,4,2,5,4,5,4,3,2,4,5,3,3,3,2,4,4,3,1,5,4,2,4,4,4,3,2,3,5,2,3,4,5,2,2,4,2,3,3,6,3,3,4,4,2,4,3,3,4,3,1,2,4,2,1,4,4,4,2,4,4,4,4,4,3,6,3,6,3,2,5,4,4,4,5,2,2,5,4,3,5,4,5,2,5,5,2,5,3,4,3,3,5,2,3,2,4,4,0,1,3,1,5,4,5,1,4,3,6,6,0,3,2,4,2,4,3,6,3,3,3,6,4,3,5,4,5,3,5,6,2,3,4,4,4,4,0,2,4,2,2,1,3,3,2,2,6,4,3,4,3,2,3,4,3,3,2,5,4,3,3,4,1,6,2,4,6,2,3,3,4,5,0,5,5,1,2,5,4,5,3,5,4,4,5,2,4,2,5,3,3,4,2,4,2,0,5,5,3,3,2,4,5,5,5,6,2,4,6,6,6,4,5,4,5,5,2,1,2,5,3,2,5,2,5,2,3,4,4,6,3,4,3,4,3,4,5,5,4,5,2,3,3,4,3,3,3,1,5,1,5,2,2,6,4,2,3,3,4,3,4,4,3,5,5,2,1,6,5,3,4,4,3,3,3,2,2,2,4,1,4,5,4,5,3,6,4,4,2,5,5,4,3,2,4,4,4,4,3,4,4,4,2,3,4,4,3,5,2,4,3,6,3,0,5,5,3,3,2,6,3,2,3,4,4,2,4,4,6,2,6,4,4,4,1,1,5,2,3,3,4,5,4,4,3,5,3,3,6,4,2,6,6,4,2,4,3,3,4,2,5,4,4,2,4,3,4,2,4,3,2,4,4,3,4,4,4,3,4,4,3,3,2,3,5,3,5,3,2,4,2,3,3,2,3,6,3,3,5,6,3,3,1,5,3,1,3,3,3,3,4,6,4,3,2,5,4,2,2,6,2,5,5,3,1,1,2,4,4,3,4,4,4,4,4,4,4,3,4,2,4,4,6,3,3,4,5,3,2,4,6,6,3,2,3,2,2,5,3,5,3,5,5,3,5,2,3,2,3,3,4,2,4,4,5,5,2,3,3,3,2,3,3,4,6,5,2,1,4,4,3,4,1,6,2,5,5,5,4,1,2,3,5,2,4,6,2,1,1,6,3,2,2,1,3,3,5,1,3,5,4,5,3,3,3,3,3,5,6,1,1,3,3,2,1,4,4,3,2,3,4,3,4,4,3,4,6,5,3,2,5,4,1,4,3,6,4,1,4,4,4,6,4,3,3,4,3,4,3,4,3,4,3,1,4,5,5,3,3,3,5,3,5,4,5,4,4,4,2,4,3,5,4,5,4,5,3,3,3,1,2,3,3,3,3,4,4,3,3,5,5,5,2,3,4,1,2,4,3,1,4,1,4,5,3,2,4,4,5,3,5,5,4,4,2,6,5,4,4,2,5,3,3,3,0,6,4,4,2,5,3,5,5,3,1,3,4,4,4,2,4,3,6,2,6,3,3,4,2,6,4,4,6,5,1,5,3,6
1,24h,6,0,5,4,4,5,4,4,4,3,6,4,5,4,4,4,5,4,3,3,5,5,3,3,5,4,4,5,4,4,4,4,3,5,5,4,4,5,5,5,5,4,6,6,5,4,6,6,3,4,5,4,2,4,3,4,5,5,5,3,4,5,5,4,3,6,5,5,4,3,4,5,4,5,6,4,5,5,3,4,3,3,5,4,5,3,6,5,3,3,4,4,5,4,5,4,5,4,5,5,5,4,5,5,5,4,5,6,5,5,4,5,6,5,5,4,3,5,4,6,5,5,4,3,4,4,6,6,5,5,4,5,4,5,2,5,4,5,3,4,4,4,4,6,5,4,5,4,5,4,4,4,4,5,6,4,6,5,3,5,4,5,5,5,5,5,4,5,3,3,5,5,3,4,4,5,5,6,5,5,4,5,3,5,6,5,5,6,4,5,4,5,4,5,5,3,6,3,5,5,4,5,5,5,3,5,5,5,4,4,5,5,4,6,6,4,2,5,5,6,5,5,5,5,6,3,5,5,5,6,5,4,4,4,5,3,6,6,6,6,3,3,5,5,4,5,3,4,6,5,4,4,4,5,3,4,4,5,5,5,6,5,4,5,4,6,5,5,4,4,5,5,3,5,5,3,2,5,4,3,5,3,5,3,4,4,5,5,5,5,5,4,3,5,5,5,3,3,6,4,5,4,4,5,6,5,6,5,6,5,6,5,6,5,5,5,6,5,4,5,4,4,6,6,5,4,5,4,4,5,4,5,5,5,5,4,6,5,5,5,3,5,4,5,5,4,5,4,4,5,5,5,6,4,4,6,5,5,5,6,4,3,4,6,5,4,5,4,4,5,4,3,5,5,5,5,6,4,3,4,6,5,4,4,5,5,6,3,5,5,6,5,5,5,4,5,4,6,5,5,4,3,4,5,5,5,5,4,5,5,3,5,5,4,4,4,5,5,5,3,4,4,4,5,5,5,5,4,5,4,6,5,5,5,3,5,6,5,5,5,6,5,5,5,5,6,6,4,5,5,5,4,4,5,4,4,3,5,5,5,2,4,4,4,4,5,5,3,5,5,5,5,5,5,5,3,5,5,3,6,6,5,6,6,5,5,4,4,3,4,4,5,4,6,5,5,3,3,6,5,4,4,5,5,3,5,4,3,5,5,5,5,4,5,4,6,5,4,6,3,5,5,5,5,5,5,5,6,4,6,4,5,4,4,5,4,6,5,5,5,4,6,4,5,4,4,5,3,6,5,6,5,5,5,4,5,4,5,4,3,4,4,4,5,5,5,5,5,5,5,5,6,4,6,5,5,3,5,5,6,5,5,4,4,5,5,4,5,4,4,3,6,5,4,3,4,6,4,5,6,4,4,5,3,4,5,5,6,4,5,4,4,3,4,3,4,4,4,5,5,5,3,2,6,6,4,6,5,5,4,5,5,5,5,3,4,4,5,5,6,6,5,5,6,5,4,3,4,4,5,4,4,3,5,5,5,5,4,6,5,5,5,5,4,5,3,4,5,5,6,5,4,4,4,4,6,5,5,4,5,5,5,5,4,4,5,4,5,5,5,4,5,4,5,5,5,3,4,5,5,5,5,6,5,6,3,4,5,3,2,4,4,4,3,5,4,6,2,5,5,5,4,5,4,5,5,3,5,3,5,6,5,5,5,5,5,6,6,6,5,5,5,6,4,4,5,5,4,5,3,5,5,3,4,5,5,6,4,4,5,5,5,4,6,5,4,4,6,5,5,5,5,5,3,6,6,3,2,5,6,4,5,5,6,5,4,5,5,4,5,6,5,4,5,4,4,5,4,4,4,5,4,4,3,3,5,3,5,5,5,5,3,6,4,5,5,5,5,5,5,5,4,6,5,4,5,4,5,5,4,3,3,3,6,4,4,4,5,4,5,5,3,4,6,5,5,4,5,3,5,4,4,5,4,3,4,4,5,5,4,5,6,5,5,2,3,5,4,3,4,4,4,5,6,4,5,5,4,3,4,4,4,4,5,5,5,5,5,4,5,5,4,4,4,5,5,3,4,6,5,5,4,5,5,5,5,5,5,5,2,5,5,6,5,6,5,5,4,4,5,4,5,5,3,5,4,5,4,4,5,5,5,4,4,5,5,5,5,3,2,4,5,5,5,6,5,3,5,5,5,3,4,5,4,6,5,4,5,5,5,5,5,5,6,4,6,2,4,3,5,6,4,6,5,4,5,5,5,2,4,4,5,5,4,5,4,5,5,6,3,5,5,5,5,5,6,4,4,5,5,3,3
2,24h,6,1,2,0,2,3,2,2,1,2,2,1,0,3,2,3,3,2,0,3,1,3,1,3,2,3,2,3,0,4,4,1,1,2,4,3,3,0,1,2,2,2,3,3,4,2,2,5,1,3,2,2,2,2,3,2,2,2,1,2,2,4,3,3,4,3,1,3,4,2,2,4,2,3,4,3,2,2,4,2,1,4,1,2,3,0,4,3,2,2,0,1,2,1,3,4,0,2,3,2,2,2,2,1,4,2,3,2,5,4,4,0,5,1,4,2,2,3,3,2,4,0,2,2,1,4,1,3,3,3,2,1,3,1,3,4,4,5,2,2,1,0,4,3,2,2,5,1,4,1,2,4,1,3,3,1,2,1,0,2,1,2,2,2,2,2,2,2,2,3,4,2,2,2,0,4,2,4,2,4,2,0,3,0,3,3,2,2,2,1,2,2,1,3,1,1,1,1,3,1,5,3,4,4,1,3,2,0,1,1,3,3,3,4,0,2,1,2,3,3,2,3,2,3,5,3,4,1,2,2,2,3,1,1,4,1,4,2,1,5,3,0,1,0,1,3,1,2,5,1,2,3,2,1,1,3,4,1,1,3,3,1,1,3,2,2,2,2,1,0,3,2,2,2,2,1,3,2,3,1,2,1,3,0,2,2,2,1,4,2,1,2,1,3,2,2,2,1,1,2,4,2,1,5,3,3,4,3,2,3,2,1,2,3,1,5,3,4,0,0,2,3,1,3,4,1,2,3,2,3,2,3,2,1,2,2,3,3,0,4,0,1,3,2,1,2,1,2,0,4,3,4,2,1,2,2,4,0,1,2,3,3,0,2,1,3,2,2,1,3,3,3,1,2,3,1,2,2,1,3,3,2,1,2,1,1,2,3,5,4,3,3,1,1,2,2,1,4,4,3,1,3,3,3,1,1,3,1,5,4,3,2,1,1,2,2,2,4,0,3,2,3,0,2,3,0,2,0,1,2,1,4,2,1,0,2,1,3,4,2,2,3,3,2,3,3,3,3,4,3,1,2,1,2,4,2,3,4,1,3,3,2,0,2,3,2,3,3,2,3,1,0,2,2,1,3,4,2,2,1,1,3,1,3,2,2,1,3,1,0,2,3,1,4,4,1,2,0,2,0,0,3,0,2,3,4,1,3,3,2,1,1,4,2,4,3,3,5,2,2,4,2,3,2,2,3,4,4,2,3,2,0,2,1,3,1,1,2,3,2,2,1,2,1,3,3,3,2,3,3,3,1,1,3,2,3,2,3,5,0,5,5,3,3,2,4,3,5,5,2,5,3,2,2,1,3,1,2,3,3,0,4,2,2,3,3,3,2,2,1,3,0,2,2,3,4,2,2,2,2,2,2,0,2,2,1,2,3,2,1,3,2,2,3,1,2,3,1,1,3,2,4,0,3,1,1,1,4,3,1,2,2,2,3,1,4,0,0,2,1,1,1,3,1,2,2,2,3,0,2,4,1,2,1,3,1,4,4,3,1,2,2,3,3,3,1,0,2,5,3,1,2,2,2,2,3,2,1,2,3,1,2,1,2,3,4,4,1,2,4,3,3,2,1,2,3,0,4,2,2,1,3,0,1,2,2,2,0,2,2,5,1,2,1,3,3,3,0,1,2,4,3,4,2,2,2,2,2,0,3,5,0,2,2,4,3,2,3,2,1,3,1,1,4,2,1,3,2,3,1,2,1,2,2,1,0,1,2,0,4,2,2,3,3,3,2,3,3,2,4,1,1,3,3,4,4,3,1,1,0,2,3,3,2,2,4,4,4,2,3,4,1,5,2,5,2,3,2,0,3,3,1,1,3,1,1,1,2,3,4,3,3,3,2,2,0,3,4,4,1,0,3,4,4,0,1,3,2,3,2,1,0,2,2,2,1,3,1,4,1,1,1,2,3,4,2,2,3,2,1,1,0,3,2,3,3,1,4,3,1,1,3,4,4,1,3,2,3,0,2,1,3,3,3,1,2,4,3,2,1,2,1,3,3,0,5,2,3,1,2,2,3,1,1,1,2,2,4,5,3,3,1,1,3,4,3,1,1,2,1,3,2,2,3,1,5,0,4,4,3,3,3,2,2,4,2,2,1,3,2,2,1,1,2,3,4,2,1,2,0,2,1,2,2,2,2,4,1,3,3,3,3,2,0,1,2,2,1,4,4,1,4,3,1,3,3,0,2,1,1,0,2,2,5,0,4,3,2,3,3,4,3,1,1,2,2,1,1,2,2,1,0,1,3,2,4,3,2,2,2,2,1
2,44h,6,4,6,6,6,6,5,6,6,6,6,4,6,6,6,6,6,5,5,4,6,4,3,6,6,6,6,6,5,5,6,6,5,6,6,6,6,5,5,5,6,3,6,5,6,6,6,6,5,5,6,6,5,6,5,5,6,6,6,6,5,6,6,5,4,4,4,6,6,6,6,6,6,4,6,6,5,6,6,6,6,4,6,6,6,6,6,4,5,6,6,6,5,6,6,5,6,6,6,6,6,6,5,5,5,6,4,5,6,6,6,4,6,6,6,6,6,6,6,5,6,6,5,4,6,6,6,6,5,6,5,6,6,5,5,5,6,6,6,5,6,5,5,6,6,5,6,6,6,6,6,6,5,6,6,6,6,6,3,5,6,6,4,6,6,6,6,6,5,6,6,6,5,5,6,6,6,6,6,6,6,6,4,5,6,6,6,6,6,5,6,6,5,6,5,5,6,5,5,6,6,6,5,6,6,6,6,5,6,6,6,6,5,6,6,6,5,5,6,6,6,4,6,6,6,5,5,5,5,6,6,6,6,5,4,6,6,3,5,6,2,3,5,5,6,6,6,6,6,6,6,4,5,6,6,6,6,6,3,6,6,5,6,5,6,5,6,6,6,5,5,6,4,6,6,4,5,6,6,4,4,4,6,6,5,4,6,3,6,6,5,5,6,5,6,5,6,6,6,5,6,4,6,6,6,6,6,6,5,5,6,6,6,5,5,6,5,6,6,5,6,5,4,6,6,6,4,6,5,6,5,6,6,6,6,4,6,6,4,5,4,3,6,6,6,6,5,6,6,6,6,6,6,4,6,6,5,4,5,6,6,6,6,4,6,6,6,6,5,6,6,4,5,6,5,6,4,6,4,6,5,6,6,6,6,5,6,5,6,6,6,6,6,6,6,5,6,5,6,5,6,6,5,6,6,6,6,6,6,5,5,6,6,2,5,6,6,6,6,6,6,6,5,6,6,6,6,4,5,5,6,6,6,5,5,6,6,6,6,5,5,5,5,6,6,6,6,3,6,6,5,4,5,6,6,5,6,5,5,6,5,4,6,6,6,6,6,6,6,6,6,5,6,5,6,5,6,6,6,5,6,6,6,6,5,6,6,6,6,6,6,6,5,6,6,6,4,4,6,5,1,6,5,5,6,5,6,6,6,6,4,5,6,6,6,6,6,6,5,6,5,6,6,6,6,6,6,6,6,6,5,6,5,6,6,5,6,6,6,6,6,5,6,6,5,5,6,6,6,6,6,6,6,5,6,6,5,6,6,6,6,5,5,6,6,6,6,6,6,6,6,6,6,6,6,6,5,6,6,6,6,6,6,4,6,6,4,6,4,6,6,6,5,6,6,6,6,5,6,5,5,6,6,4,6,6,6,6,6,6,6,6,6,6,5,6,6,4,6,5,6,6,5,6,6,6,6,6,4,6,6,6,6,6,5,6,5,5,6,5,5,4,6,6,6,5,6,6,6,5,6,4,5,5,6,6,6,6,6,6,6,6,6,5,6,5,6,6,6,6,6,6,6,6,5,6,6,6,4,6,6,6,6,6,6,5,5,6,5,5,6,5,6,5,6,4,5,6,6,6,5,5,5,4,5,5,6,6,5,6,6,6,5,6,6,6,6,4,6,5,6,6,6,6,6,5,6,6,6,6,6,6,6,5,6,6,6,5,6,6,6,6,4,6,6,5,5,6,6,6,6,5,6,5,6,5,6,6,5,6,6,6,6,6,6,5,6,6,5,3,6,6,6,2,6,6,6,4,6,6,5,6,6,6,6,5,6,6,5,6,6,6,5,6,6,6,5,6,4,5,6,6,3,6,6,5,4,5,5,6,3,6,5,6,6,5,6,6,5,5,6,5,6,6,3,6,6,6,6,4,5,4,5,6,6,4,6,6,5,6,6,5,6,6,6,6,6,6,6,6,6,6,6,5,6,6,5,4,6,6,6,5,5,6,6,6,6,6,6,6,5,6,5,6,6,6,4,5,5,6,6,6,6,5,5,6,6,6,6,6,6,6,3,6,5,5,6,6,6,6,5,6,4,6,6,6,6,4,5,4,6,5,6,6,6,6,6,5,6,6,4,6,6,5,6,5,4,6,4,6,6,6,6,6,6,6,5,6,6,4,6,6,6,6,6,5,5,5,6,6,5,6,6,6,6,5,5,6,5,6,6,6,6,5,5,5,5,6,6,5,6,5,6,6,6,5,6,4,6,6,5,6,6,6,6,6,6,4,6,6,6,5,6,6,6,6,6,6,6,6,4,6
3,24h,5,3,3,3,5,3,2,4,4,2,2,4,4,4,2,4,4,4,2,2,4,3,3,3,3,5,2,4,4,2,4,2,3,4,3,3,5,3,3,2,3,3,3,3,5,3,4,3,3,4,4,4,3,4,0,4,4,2,3,2,1,3,3,3,3,3,4,3,4,3,4,2,3,5,4,4,1,3,3,4,3,3,2,3,3,1,3,1,2,3,3,4,2,2,4,4,2,3,3,5,5,5,4,4,1,4,5,3,3,4,2,3,4,3,3,2,0,3,4,3,4,4,2,3,1,2,1,4,3,5,4,4,4,4,5,1,4,5,3,0,3,2,3,3,3,5,4,3,4,4,2,3,4,5,3,3,5,3,3,1,5,4,2,4,3,1,3,3,3,4,3,4,3,2,4,5,5,5,4,5,3,3,3,1,3,5,4,5,4,4,5,2,3,4,1,3,3,0,2,4,4,3,3,4,3,3,3,1,3,4,2,4,3,4,3,4,3,3,4,5,3,1,4,1,3,4,4,4,2,3,2,3,3,1,4,4,4,3,3,4,3,1,4,3,3,5,2,1,5,2,4,3,3,4,4,3,3,3,1,5,5,4,3,3,4,4,5,4,2,3,3,4,2,3,3,0,2,4,3,2,3,4,3,3,4,1,2,2,4,4,3,4,3,4,3,4,3,5,3,2,5,4,3,3,4,4,5,4,2,2,2,4,4,4,3,4,3,5,1,3,4,2,3,4,3,4,2,3,5,4,4,4,3,1,3,2,2,3,4,5,3,2,2,5,5,5,3,4,1,4,4,3,5,2,4,3,4,3,1,5,3,2,3,2,3,4,4,5,1,3,4,2,5,2,4,4,5,3,3,5,5,3,4,3,5,5,5,4,1,4,3,3,4,5,2,4,5,5,4,2,3,4,3,3,3,4,4,3,3,5,2,4,4,1,4,1,4,4,4,1,4,3,4,2,3,3,5,3,2,3,5,3,5,3,0,5,3,3,4,2,4,4,4,4,2,5,5,2,3,3,5,1,1,3,2,2,3,3,3,4,1,2,2,3,5,2,3,4,4,3,5,3,4,4,4,3,5,4,4,4,4,5,4,3,4,5,3,3,3,2,2,1,1,3,2,3,3,1,5,3,1,0,2,4,4,4,2,5,4,4,3,3,3,3,5,4,2,5,3,4,3,5,4,2,1,5,3,3,5,3,4,2,4,4,4,2,4,3,5,2,3,1,4,3,3,5,4,3,4,4,2,4,5,4,4,4,4,3,3,3,4,5,4,2,2,5,3,3,3,3,5,3,5,2,3,3,4,5,2,2,5,2,3,3,3,3,1,3,4,3,3,3,2,3,3,3,2,1,3,5,3,4,2,2,3,3,5,4,0,4,2,3,1,3,4,5,5,2,3,4,5,4,1,4,4,3,2,4,3,1,3,5,4,3,0,4,4,4,4,4,3,2,4,4,3,3,5,2,2,2,4,3,2,4,3,3,4,2,4,2,3,2,3,3,3,4,4,5,3,3,5,3,3,3,4,5,4,2,3,3,1,5,2,2,3,4,3,3,4,2,3,3,3,5,4,5,2,3,4,1,3,2,2,2,3,3,3,4,4,4,3,2,2,4,3,5,4,3,4,5,5,0,2,4,3,4,5,4,2,3,4,4,3,3,4,3,5,3,3,4,5,3,3,4,5,5,3,2,4,3,3,3,3,2,4,1,3,2,0,5,1,3,5,4,4,4,3,3,1,2,1,1,2,4,5,3,2,2,5,2,4,5,3,3,4,3,2,3,3,5,1,3,3,5,4,5,2,3,3,0,2,3,3,3,1,4,4,1,2,4,3,5,3,5,4,3,5,4,2,3,3,4,4,4,3,3,2,5,2,2,2,1,3,5,1,1,4,5,2,3,3,3,3,3,5,3,1,3,2,5,1,2,5,2,3,3,3,3,2,3,4,2,3,4,2,3,3,5,3,4,3,3,3,3,4,2,3,1,3,2,4,4,3,3,5,4,4,4,4,3,1,3,2,5,5,2,2,5,5,4,5,4,3,5,4,2,5,5,4,0,3,2,4,1,3,4,4,5,3,2,3,3,4,5,4,4,1,4,3,3,4,4,3,2,3,3,1,4,2,3,4,4,4,5,2,3,3,4,5,4,2,2,4,4,4,4,4,4,3,5,2,5,1,3,4,3,3,0,3,5,5,4,4,5,3,4,3,2,1,3,3,4,3,2,5,1,3,1,2,5,4,2,5,4,5,4,3,4,5,2,2,5
4,24h,6,0,3,1,0,2,1,1,2,3,3,1,1,1,2,1,3,0,1,2,2,2,1,2,1,1,2,3,2,1,2,2,1,1,3,3,4,2,2,4,2,2,1,2,3,1,1,3,2,2,1,3,4,1,1,2,2,4,1,3,2,2,2,3,3,2,1,3,1,1,1,0,3,1,2,0,2,2,2,1,0,2,2,1,1,1,2,0,3,2,1,3,1,2,2,2,3,1,1,1,1,1,3,2,2,2,1,4,1,4,1,1,2,2,3,0,1,2,1,3,1,1,1,1,0,2,2,2,2,3,0,2,0,1,2,3,1,0,1,1,4,1,1,2,2,1,3,1,3,1,2,1,0,2,2,2,0,4,3,1,2,2,2,3,2,2,2,1,2,1,2,1,1,3,2,2,2,2,2,1,1,4,1,0,2,2,2,4,0,0,2,1,1,2,0,0,3,1,1,2,2,2,2,2,1,3,3,3,2,0,2,3,3,1,1,1,0,1,2,1,0,0,2,0,3,1,3,0,0,2,3,1,2,3,1,0,2,1,3,1,2,0,2,1,1,3,2,2,1,0,2,2,1,3,0,2,1,2,0,3,4,3,1,4,1,3,2,1,3,0,3,3,1,1,1,0,1,3,2,2,2,2,2,1,2,3,3,1,1,2,3,3,0,2,2,1,3,2,1,2,4,2,4,3,1,3,3,5,1,2,4,2,2,2,4,1,2,2,1,2,3,1,2,2,2,0,1,0,3,4,1,2,3,1,4,1,1,2,1,2,0,2,1,3,2,2,1,4,2,0,3,1,1,3,1,1,2,1,0,2,1,1,2,1,2,2,3,2,4,3,1,2,1,2,2,1,2,4,1,3,2,2,0,1,1,3,4,2,2,1,2,1,4,3,2,3,1,2,1,1,3,1,3,2,3,1,2,0,2,1,1,3,2,1,3,2,3,3,0,2,2,0,1,1,3,3,2,0,1,0,2,1,1,2,0,2,1,0,2,1,1,2,3,0,4,2,4,2,0,3,2,1,3,1,1,2,2,4,3,3,3,1,2,1,2,2,2,3,2,1,2,1,1,0,1,0,4,2,1,2,1,3,3,2,1,3,2,1,2,2,0,1,1,2,2,3,0,1,2,0,0,1,2,2,3,0,2,2,1,2,3,2,2,1,4,1,2,4,4,1,3,3,2,2,3,2,3,3,3,2,0,2,3,2,3,3,1,1,2,1,1,1,2,3,1,0,1,2,3,1,1,2,1,2,3,1,1,2,1,1,0,1,2,2,1,0,1,5,1,2,2,2,3,1,3,3,3,3,1,2,1,1,2,1,1,1,1,2,3,3,1,3,2,1,2,2,0,1,2,3,2,2,1,1,2,1,3,1,0,1,3,1,1,1,1,4,3,0,1,1,1,3,0,2,3,3,1,3,0,2,0,3,4,2,2,4,1,1,2,1,1,0,3,2,4,1,2,1,2,0,2,1,2,1,2,1,3,3,1,2,2,2,2,1,3,1,1,1,2,3,2,1,2,1,3,4,3,2,3,4,2,2,0,1,3,1,2,1,1,2,2,1,2,2,0,2,1,3,0,0,2,2,1,2,1,4,1,1,2,1,2,1,3,2,1,1,4,0,1,3,2,1,3,3,3,1,2,0,1,3,1,1,3,2,2,0,2,3,2,0,1,2,3,2,3,2,2,3,1,1,2,1,3,0,1,2,3,0,2,1,1,1,4,1,1,0,2,3,0,2,2,2,2,2,1,2,1,0,3,1,2,2,3,5,2,4,0,1,1,4,2,3,2,2,2,1,1,1,2,2,1,4,1,3,0,0,2,2,2,2,2,2,2,2,2,2,3,2,1,1,0,1,2,2,2,1,3,2,2,2,3,1,2,2,2,1,2,2,1,1,3,1,2,1,1,2,1,3,0,2,1,3,2,2,3,3,2,0,0,2,2,2,2,3,1,2,3,2,1,3,1,1,1,2,3,3,3,1,2,0,4,2,2,1,2,2,2,2,0,1,0,2,1,3,1,2,2,3,3,1,1,1,2,2,0,2,1,2,1,0,3,2,1,0,2,4,2,2,1,2,2,1,3,3,2,2,1,3,1,2,3,1,2,2,2,1,2,1,1,0,1,3,2,1,0,0,0,1,2,1,2,2,2,0,3,2,2,1,1,2,1,2,2,3,2,1,0,1,1,0,2,1,1,3,3,1,2,1,0,3,4,2,2,2,1,2,1,1,2,2,0,1,2,1,1,2,1,1,2,3,0,4
4,48h,5,4,4,5,3,5,2,3,3,4,5,4,5,4,3,5,5,4,3,4,5,5,4,5,4,4,2,5,3,4,4,4,2,4,4,4,5,3,4,3,4,3,3,5,4,4,4,4,2,4,4,4,4,3,2,3,2,2,3,3,3,3,3,2,3,4,4,3,5,3,3,3,4,3,3,4,3,5,1,5,4,4,3,3,5,2,4,5,3,3,3,4,4,5,5,3,4,3,3,5,4,3,4,4,2,5,5,5,4,3,4,3,4,4,5,4,4,3,3,5,4,4,2,5,4,2,4,4,4,4,4,4,4,4,3,3,4,4,4,3,4,5,5,3,2,4,3,2,5,3,4,5,2,4,5,5,3,5,4,3,5,3,4,5,4,4,4,5,4,5,4,2,4,1,5,4,4,5,5,5,4,4,3,3,3,5,3,4,4,4,5,4,4,5,4,2,3,4,3,4,5,4,3,3,3,5,3,2,4,5,5,5,5,5,4,5,2,4,3,5,5,4,3,3,4,3,5,2,4,4,2,4,5,4,5,3,5,2,3,5,3,2,4,4,4,5,4,5,3,4,3,5,4,4,4,5,4,4,2,3,4,3,4,4,4,5,3,4,4,4,4,4,5,3,4,3,3,5,5,2,4,3,4,4,4,4,5,3,5,3,3,5,3,2,4,3,3,5,4,3,4,3,5,5,4,3,5,5,3,5,5,2,4,4,4,5,3,4,4,4,3,4,4,4,4,3,2,4,4,4,4,3,4,4,5,2,4,4,2,3,3,4,4,4,4,4,5,4,4,3,3,4,4,1,4,3,4,2,5,4,4,4,4,4,4,5,4,5,4,5,5,4,3,3,4,4,5,4,4,3,4,3,5,2,5,4,5,5,5,5,3,3,4,5,5,4,5,5,2,4,4,4,5,1,3,4,4,4,4,4,4,3,5,3,5,3,3,2,4,3,5,5,5,3,5,5,4,3,2,3,5,2,4,4,2,5,5,4,4,5,5,3,5,3,4,5,4,4,3,4,4,3,5,5,1,3,4,2,5,5,5,3,3,4,4,3,5,3,3,5,4,4,5,4,3,5,4,5,4,5,4,3,5,4,4,4,3,3,5,3,3,4,2,4,3,4,2,4,4,4,3,5,4,3,5,2,4,5,3,4,4,4,5,5,3,5,3,5,5,2,4,5,3,5,1,5,3,3,5,5,4,4,5,3,4,4,3,5,4,3,2,4,4,3,4,3,4,5,4,5,4,4,4,5,5,2,5,5,2,4,3,4,5,4,1,5,5,4,3,5,4,3,5,2,3,4,5,4,3,4,5,3,5,3,5,5,5,5,3,3,4,3,5,4,2,5,4,5,4,4,5,3,4,4,4,4,5,5,3,3,5,3,3,5,4,2,3,3,4,4,4,5,4,4,4,4,3,3,5,2,2,3,4,4,3,4,4,4,5,5,4,5,5,4,3,2,4,4,2,4,4,3,3,2,4,3,3,4,4,3,3,4,4,2,4,4,4,4,4,4,4,3,5,4,4,4,4,3,4,5,4,5,5,3,5,2,4,4,5,4,5,2,2,2,4,3,2,5,5,4,4,5,4,5,4,4,4,3,4,4,3,3,4,5,4,3,4,5,1,2,5,1,4,5,3,4,2,4,4,4,4,5,3,5,3,4,3,4,3,2,5,4,4,4,4,4,3,4,2,3,3,3,4,2,5,4,5,4,2,3,4,3,3,5,4,3,4,5,4,3,4,3,5,4,4,5,3,4,4,3,4,5,5,4,5,5,4,3,5,3,3,4,3,5,3,5,4,3,3,2,3,4,3,4,2,5,3,4,3,4,4,3,4,4,2,3,5,5,4,4,5,3,4,3,3,4,4,2,3,4,4,3,2,5,5,2,4,4,4,4,3,3,4,5,5,5,3,5,5,5,4,3,4,4,5,4,4,4,5,4,5,3,5,4,4,3,3,4,3,5,3,2,5,3,4,4,3,5,4,4,5,3,5,4,4,4,4,4,4,4,4,5,4,5,3,3,3,3,5,3,4,4,4,4,4,5,5,3,4,2,3,5,4,5,4,4,4,3,4,4,4,2,4,3,5,4,5,5,5,4,5,5,3,5,3,5,3,4,4,3,5,4,5,5,5,5,5,5,3,4,2,5,5,4,3,3,5,5,3,5,3,5,5,5,5,3,4,5,4,4,4,3,4,5,5,5,5,2,3,4,5,5,5,3,4,5,4,3,4,5,3,4,5,3,5,5,4,5,5,3,1,5
5,24h,6,1,5,6,5,5,6,5,5,5,6,5,6,6,5,6,6,6,4,5,6,6,3,4,5,5,5,6,3,6,6,4,6,6,6,6,6,6,6,6,6,6,5,6,5,6,6,6,5,6,6,6,5,5,4,6,6,5,4,5,5,6,6,5,4,4,5,5,6,5,5,6,6,6,6,3,6,6,5,6,5,6,5,5,6,4,4,6,5,5,6,5,5,5,5,6,5,5,6,6,6,5,5,5,5,5,6,6,6,6,5,6,5,6,6,6,6,5,6,6,6,5,6,5,5,4,5,6,6,6,5,6,5,4,5,5,6,4,6,4,5,5,5,6,6,5,6,4,6,6,5,6,5,6,6,5,6,5,6,5,6,5,5,6,4,6,4,4,4,6,6,6,4,6,5,6,6,6,5,5,5,5,5,6,6,6,6,6,4,6,6,4,5,5,6,5,3,2,5,6,6,6,6,6,4,6,5,5,6,6,6,6,6,6,5,5,5,6,5,5,5,5,6,3,6,5,6,5,6,6,6,6,5,5,5,5,6,6,5,6,4,4,5,5,4,6,4,5,6,6,6,5,3,6,6,4,6,3,5,6,5,5,5,6,6,6,6,6,4,5,6,6,5,6,5,6,5,6,6,5,6,4,6,6,6,6,5,5,6,5,6,6,6,4,6,6,5,6,6,3,6,4,6,6,6,5,6,6,6,5,6,3,5,5,6,6,6,6,5,4,5,5,5,6,5,4,4,6,6,6,5,5,6,5,5,6,5,5,4,6,4,6,5,5,6,3,6,6,6,6,5,5,6,4,4,6,6,6,5,5,5,5,6,5,6,6,6,6,5,6,6,5,5,5,6,3,6,6,6,6,5,6,5,6,5,6,6,6,5,6,5,6,6,6,4,6,5,6,4,5,6,6,6,6,6,6,6,4,6,6,5,5,5,5,6,5,5,6,5,4,6,5,3,4,5,4,6,5,5,6,6,5,6,6,3,6,6,4,6,4,6,5,5,6,5,6,6,5,6,6,6,5,6,5,5,6,5,6,5,6,5,5,6,6,6,6,6,4,6,5,6,6,5,6,6,5,6,6,4,6,4,6,6,6,4,6,5,5,6,5,6,3,4,6,5,5,5,5,5,3,4,5,6,5,6,6,6,5,5,5,5,6,6,5,6,6,5,6,6,6,5,5,6,6,4,5,5,6,6,6,4,5,6,6,5,6,5,6,6,6,6,5,5,6,5,6,6,6,6,4,6,6,6,5,6,5,6,6,6,5,6,5,6,5,4,6,6,6,5,6,5,5,6,5,6,5,4,6,6,6,6,6,6,5,5,6,6,6,6,6,5,5,6,6,4,6,6,5,5,6,5,6,5,4,5,6,4,6,5,6,6,6,6,6,6,5,5,6,3,6,5,5,6,5,5,4,6,6,5,5,5,6,6,6,5,6,4,4,6,6,5,5,5,5,6,4,6,6,5,5,6,6,5,6,6,5,6,5,6,5,6,5,6,5,6,5,5,6,6,6,5,5,6,6,6,6,6,5,5,5,5,6,4,6,6,5,6,6,6,4,6,3,5,6,6,6,3,6,6,6,6,5,5,3,5,5,6,6,6,3,6,6,6,6,6,5,4,4,5,4,6,6,4,6,6,6,6,6,5,6,5,6,6,5,4,5,6,5,6,6,6,5,6,6,6,6,6,5,6,3,5,6,5,4,5,5,3,5,5,6,3,4,6,6,6,5,4,6,6,6,6,5,5,5,5,6,5,5,5,5,5,6,5,5,6,6,6,6,5,6,5,4,5,6,6,6,5,6,5,4,4,6,5,6,4,6,5,5,5,6,3,5,6,5,6,6,5,6,6,5,6,6,5,6,6,5,5,6,5,5,5,6,6,6,4,1,2,6,5,4,6,6,5,6,6,5,5,6,6,5,4,5,6,5,6,6,5,5,6,6,6,5,6,6,5,6,5,5,5,6,5,4,5,6,6,6,5,5,6,5,6,4,6,6,5,5,6,6,5,5,4,5,6,5,6,6,5,6,5,6,5,6,6,5,6,6,6,5,4,5,6,3,5,5,6,6,4,6,5,5,5,6,5,6,5,4,4,6,5,5,5,5,5,6,3,5,5,6,5,4,3,5,6,6,6,5,5,6,5,5,4,6,5,4,6,5,5,5,5,5,6,6,5,5,5,5,3,5,4,6,6,5,6,6,6,6,6,3,4,5,5,6,6,5,6,4,5,6,6,5,4,6,5,6,6,6,6,6,6,6,3,6
5,48h,6,3,5,4,5,5,3,5,5,3,5,5,4,4,5,5,6,3,5,3,4,4,4,4,5,6,3,4,5,6,6,3,6,4,4,4,6,5,5,6,4,4,5,5,5,6,6,5,3,5,5,6,6,4,2,4,5,4,5,5,6,5,5,3,3,4,5,3,6,4,3,5,5,4,6,5,4,6,4,5,3,5,4,5,5,3,5,4,6,4,5,4,6,5,4,3,4,4,3,5,6,4,4,4,4,4,6,6,3,4,4,4,6,5,4,6,5,4,4,6,6,5,5,4,3,6,6,6,4,6,5,5,3,3,5,3,4,4,5,4,6,4,6,5,4,5,6,5,6,3,5,4,5,4,5,6,5,4,3,4,5,4,5,6,2,3,3,5,4,4,4,5,3,3,3,3,3,6,6,5,3,5,4,5,5,6,5,5,5,5,5,4,2,4,6,4,6,4,5,6,5,6,2,5,5,5,4,5,5,5,4,5,4,5,3,5,5,4,5,5,5,5,5,3,5,5,5,4,5,6,4,6,5,5,5,4,6,4,5,6,2,3,4,5,3,5,4,4,5,5,4,5,5,4,4,4,5,4,6,5,4,5,4,5,5,5,5,4,4,5,5,6,3,4,3,6,4,5,6,2,5,3,4,5,5,3,4,5,5,6,6,4,2,6,6,4,4,5,3,2,5,5,5,4,5,5,4,6,5,4,5,5,4,4,6,5,4,4,4,4,2,3,4,5,6,6,3,5,6,5,3,5,5,4,3,5,6,4,3,5,5,5,3,6,6,6,5,5,6,5,5,3,5,4,4,4,5,4,4,5,4,6,3,4,6,6,6,5,4,6,5,6,4,4,4,5,5,5,3,5,4,5,4,5,6,5,5,4,4,5,5,6,5,5,6,3,5,5,3,5,2,6,5,6,4,3,6,6,5,4,3,5,6,5,5,3,5,5,3,3,4,5,3,3,4,4,5,5,3,3,6,4,4,4,2,4,5,5,3,5,6,5,6,6,4,5,6,5,6,5,5,5,6,5,5,4,5,4,3,6,5,4,3,4,5,4,6,2,3,6,6,4,3,6,4,3,6,4,3,4,5,6,4,5,6,6,6,6,4,5,4,3,6,5,4,6,3,4,4,4,1,5,5,5,6,4,4,5,6,4,5,6,6,4,4,6,5,6,4,6,4,6,4,4,6,6,5,5,6,5,3,4,5,4,5,5,3,4,4,4,4,5,4,5,6,4,6,4,5,5,3,6,5,5,5,5,5,5,5,3,6,5,5,5,6,4,6,4,5,5,6,4,6,4,6,6,3,6,5,5,5,4,5,5,5,5,6,6,3,4,5,5,5,6,5,3,1,3,6,4,4,5,5,5,4,6,6,5,4,6,6,4,5,6,5,6,5,4,3,4,4,4,5,5,3,3,3,5,5,2,6,5,5,6,1,6,3,4,5,5,3,5,6,4,5,6,6,5,3,5,4,5,4,4,6,5,6,4,6,6,6,5,6,5,5,6,5,6,6,5,5,5,5,3,4,5,6,4,4,6,3,3,6,5,5,5,6,6,4,5,6,3,5,4,5,5,3,5,4,4,5,3,5,3,2,3,4,4,4,3,4,5,4,5,6,4,6,3,3,5,3,4,6,6,4,6,4,4,5,6,5,5,5,6,4,5,5,5,4,3,6,3,3,5,6,6,4,4,4,2,5,5,3,3,6,6,6,4,5,5,5,4,5,6,5,4,5,4,4,5,4,6,5,4,4,5,6,4,4,4,5,5,6,5,4,5,5,5,6,6,4,4,5,3,3,5,6,4,4,5,5,6,2,6,4,6,3,4,6,6,4,4,5,4,5,5,5,6,4,3,4,4,5,4,5,6,5,3,5,5,4,4,5,5,4,3,5,5,3,5,3,4,5,6,5,5,3,5,6,6,5,4,5,4,6,5,3,4,4,2,5,5,6,6,4,5,5,6,5,4,5,4,5,5,5,5,5,5,4,4,4,5,5,3,5,6,6,6,5,5,5,5,3,3,2,3,5,5,4,5,6,4,6,3,6,5,5,6,4,1,6,4,5,6,3,6,4,4,5,3,1,2,3,6,3,5,3,5,5,4,6,6,5,4,6,6,4,3,6,5,6,5,5,6,5,4,4,3,6,4,4,6,6,5,5,4,4,4,4,5,4,4,4,3,5,4,2,3,5,5,4,4,6,6,5,4,6,4,3,3,5,5,5,4,3,6,4,4,6,6,3,4,4,5,5,5,6,5,5,4,3,6
6,8h,6,0,5,2,4,6,3,4,3,2,2,6,4,2,2,3,6,3,1,3,3,3,2,4,2,4,4,3,4,4,3,2,3,3,3,3,4,4,3,2,3,4,5,3,2,2,5,4,4,5,4,3,4,4,2,3,6,3,3,4,3,3,4,4,4,3,4,3,1,2,3,4,4,2,3,2,3,5,2,4,0,1,3,3,5,1,3,2,2,3,4,5,3,2,4,4,4,5,3,6,3,3,1,6,4,3,3,2,2,4,5,3,5,5,4,0,4,3,4,5,5,4,2,3,2,3,3,3,6,3,2,5,2,5,4,3,4,4,2,3,4,3,3,4,2,3,2,4,6,3,6,4,4,5,4,3,1,3,2,3,4,4,5,3,4,3,2,4,3,5,5,5,2,2,3,5,1,6,5,5,2,4,2,4,2,5,4,4,2,4,6,3,3,4,5,4,3,2,5,3,2,3,4,4,2,5,1,2,4,3,3,5,4,2,2,3,2,2,4,4,1,3,4,4,4,4,3,4,4,4,2,5,4,4,2,3,4,4,3,3,5,2,5,4,3,4,1,3,3,5,4,5,2,3,5,4,5,1,1,3,5,3,5,6,2,2,4,4,5,3,2,3,5,3,3,1,4,4,4,6,4,2,4,2,3,4,2,2,4,4,4,2,3,3,5,3,2,3,4,2,6,1,4,3,4,1,6,6,3,2,4,4,3,5,6,3,4,3,4,2,3,3,4,3,4,3,1,4,3,4,2,6,4,2,2,3,3,4,4,3,2,2,1,5,2,1,5,2,4,4,3,4,5,1,3,5,4,4,6,4,2,4,3,4,3,4,5,2,1,4,4,4,2,3,2,3,5,4,4,2,2,5,2,3,4,4,4,4,3,4,4,3,3,3,1,5,4,4,5,2,2,4,4,6,4,3,5,4,4,5,3,4,5,4,3,3,5,4,5,4,4,4,4,5,3,4,5,2,4,2,4,4,4,3,2,4,1,4,2,5,4,4,5,4,5,6,4,3,4,5,3,4,4,3,3,4,4,3,4,5,3,3,3,3,2,2,3,5,4,3,3,4,6,3,2,4,4,5,2,4,3,3,4,3,5,3,2,4,2,2,2,5,3,5,4,3,2,3,5,2,3,4,2,3,5,4,5,4,3,4,2,5,6,3,4,4,4,6,3,5,4,4,4,2,3,3,4,5,6,6,3,1,5,4,6,4,3,5,5,4,3,2,3,2,4,3,5,4,5,6,4,5,4,2,4,1,3,5,2,3,4,4,4,5,2,6,3,4,2,3,5,2,3,2,4,5,3,4,5,4,3,2,5,3,2,3,3,2,5,5,5,3,3,2,3,5,4,0,4,3,4,3,3,4,3,3,5,4,2,3,4,5,2,5,4,4,3,3,3,4,5,3,3,2,3,4,2,3,4,2,3,6,6,5,5,5,3,5,3,4,2,4,4,5,4,3,3,5,2,3,4,4,4,4,3,1,3,4,4,4,5,5,5,3,5,3,4,2,4,3,2,0,6,4,2,4,4,6,1,5,3,5,2,2,6,3,4,3,3,4,6,3,3,3,4,3,4,5,3,3,5,3,4,4,6,3,3,2,3,1,6,5,3,4,4,3,3,1,5,4,5,1,2,2,3,5,4,4,1,4,5,4,3,2,4,3,5,4,3,5,4,4,2,4,3,3,1,3,4,4,4,3,4,3,5,3,3,2,3,1,3,5,5,3,2,2,5,3,1,2,3,2,3,3,4,5,0,3,2,5,4,2,5,4,3,4,5,3,4,3,4,4,4,4,3,3,3,1,4,4,3,4,3,4,3,5,4,0,3,2,2,4,1,5,4,2,2,5,2,2,4,4,3,3,3,5,3,5,4,3,3,2,2,5,4,4,4,3,4,5,2,1,3,3,3,4,3,3,4,4,2,2,5,2,3,3,2,4,2,2,5,5,4,4,2,4,4,5,5,5,5,2,3,2,4,3,4,4,1,1,5,4,4,3,6,4,5,4,4,5,4,5,1,2,3,4,3,4,5,4,6,4,3,6,4,4,3,3,5,1,1,3,3,5,4,4,3,3,4,4,5,3,4,1,6,5,2,3,3,4,4,5,4,3,2,4,3,5,2,3,6,4,3,3,3,4,2,3,5,4,2,4,4,3,6,4,4,4,2,4,6,4,5,1,4,6,0,2,6,2,3,2,4,5,3,5,3,1,1,4,4,5,3,3,3,4,5,3,3,5,6,3,2,4,6,5,4,5,2,3,3,5
