experiment,duration,N,positives,prob_0,prob_1,prob_2,prob_3,prob_4,prob_5,prob_6,prob_7,prob_8,prob_9,prob_10,prob_11,prob_12,prob_13,prob_14,prob_15,prob_16,prob_17,prob_18,prob_19,prob_20,prob_21,prob_22,prob_23,prob_24,prob_25,prob_26,prob_27,prob_28,prob_29,prob_30,prob_31,prob_32,prob_33,prob_34,prob_35,prob_36,prob_37,prob_38,prob_39,prob_40,prob_41,prob_42,prob_43,prob_44,prob_45,prob_46,prob_47,prob_48,prob_49,prob_50,prob_51,prob_52,prob_53,prob_54,prob_55,prob_56,prob_57,prob_58,prob_59,prob_60,prob_61,prob_62,prob_63,prob_64,prob_65,prob_66,prob_67,prob_68,prob_69,prob_70,prob_71,prob_72,prob_73,prob_74,prob_75,prob_76,prob_77,prob_78,prob_79,prob_80,prob_81,prob_82,prob_83,prob_84,prob_85,prob_86,prob_87,prob_88,prob_89,prob_90,prob_91,prob_92,prob_93,prob_94,prob_95,prob_96,prob_97,prob_98,prob_99,prob_100,prob_101,prob_102,prob_103,prob_104,prob_105,prob_106,prob_107,prob_108,prob_109,prob_110,prob_111,prob_112,prob_113,prob_114,prob_115,prob_116,prob_117,prob_118,prob_119,prob_120,prob_121,prob_122,prob_123,prob_124,prob_125,prob_126,prob_127,prob_128,prob_129,prob_130,prob_131,prob_132,prob_133,prob_134,prob_135,prob_136,prob_137,prob_138,prob_139,prob_140,prob_141,prob_142,prob_143,prob_144,prob_145,prob_146,prob_147,prob_148,prob_149,prob_150,prob_151,prob_152,prob_153,prob_154,prob_155,prob_156,prob_157,prob_158,prob_159,prob_160,prob_161,prob_162,prob_163,prob_164,prob_165,prob_166,prob_167,prob_168,prob_169,prob_170,prob_171,prob_172,prob_173,prob_174,prob_175,prob_176,prob_177,prob_178,prob_179,prob_180,prob_181,prob_182,prob_183,prob_184,prob_185,prob_186,prob_187,prob_188,prob_189,prob_190,prob_191,prob_192,prob_193,prob_194,prob_195,prob_196,prob_197,prob_198,prob_199,prob_200,prob_201,prob_202,prob_203,prob_204,prob_205,prob_206,prob_207,prob_208,prob_209,prob_210,prob_211,prob_212,prob_213,prob_214,prob_215,prob_216,prob_217,prob_218,prob_219,prob_220,prob_221,prob_222,prob_223,prob_224,prob_225,prob_226,prob_227,prob_228,prob_229,prob_230,prob_231,prob_232,prob_233,prob_234,prob_235,prob_236,prob_237,prob_238,prob_239,prob_240,prob_241,prob_242,prob_243,prob_244,prob_245,prob_246,prob_247,prob_248,prob_249,prob_250,prob_251,prob_252,prob_253,prob_254,prob_255,prob_256,prob_257,prob_258,prob_259,prob_260,prob_261,prob_262,prob_263,prob_264,prob_265,prob_266,prob_267,prob_268,prob_269,prob_270,prob_271,prob_272,prob_273,prob_274,prob_275,prob_276,prob_277,prob_278,prob_279,prob_280,prob_281,prob_282,prob_283,prob_284,prob_285,prob_286,prob_287,prob_288,prob_289,prob_290,prob_291,prob_292,prob_293,prob_294,prob_295,prob_296,prob_297,prob_298,prob_299,prob_300,prob_301,prob_302,prob_303,prob_304,prob_305,prob_306,prob_307,prob_308,prob_309,prob_310,prob_311,prob_312,prob_313,prob_314,prob_315,prob_316,prob_317,prob_318,prob_319,prob_320,prob_321,prob_322,prob_323,prob_324,prob_325,prob_326,prob_327,prob_328,prob_329,prob_330,prob_331,prob_332,prob_333,prob_334,prob_335,prob_336,prob_337,prob_338,prob_339,prob_340,prob_341,prob_342,prob_343,prob_344,prob_345,prob_346,prob_347,prob_348,prob_349,prob_350,prob_351,prob_352,prob_353,prob_354,prob_355,prob_356,prob_357,prob_358,prob_359,prob_360,prob_361,prob_362,prob_363,prob_364,prob_365,prob_366,prob_367,prob_368,prob_369,prob_370,prob_371,prob_372,prob_373,prob_374,prob_375,prob_376,prob_377,prob_378,prob_379,prob_380,prob_381,prob_382,prob_383,prob_384,prob_385,prob_386,prob_387,prob_388,prob_389,prob_390,prob_391,prob_392,prob_393,prob_394,prob_395,prob_396,prob_397,prob_398,prob_399,prob_400,prob_401,prob_402,prob_403,prob_404,prob_405,prob_406,prob_407,prob_408,prob_409,prob_410,prob_411,prob_412,prob_413,prob_414,prob_415,prob_416,prob_417,prob_418,prob_419,prob_420,prob_421,prob_422,prob_423,prob_424,prob_425,prob_426,prob_427,prob_428,prob_429,prob_430,prob_431,prob_432,prob_433,prob_434,prob_435,prob_436,prob_437,prob_438,prob_439,prob_440,prob_441,prob_442,prob_443,prob_444,prob_445,prob_446,prob_447,prob_448,prob_449,prob_450,prob_451,prob_452,prob_453,prob_454,prob_455,prob_456,prob_457,prob_458,prob_459,prob_460,prob_461,prob_462,prob_463,prob_464,prob_465,prob_466,prob_467,prob_468,prob_469,prob_470,prob_471,prob_472,prob_473,prob_474,prob_475,prob_476,prob_477,prob_478,prob_479,prob_480,prob_481,prob_482,prob_483,prob_484,prob_485,prob_486,prob_487,prob_488,prob_489,prob_490,prob_491,prob_492,prob_493,prob_494,prob_495,prob_496,prob_497,prob_498,prob_499,prob_500,prob_501,prob_502,prob_503,prob_504,prob_505,prob_506,prob_507,prob_508,prob_509,prob_510,prob_511,prob_512,prob_513,prob_514,prob_515,prob_516,prob_517,prob_518,prob_519,prob_520,prob_521,prob_522,prob_523,prob_524,prob_525,prob_526,prob_527,prob_528,prob_529,prob_530,prob_531,prob_532,prob_533,prob_534,prob_535,prob_536,prob_537,prob_538,prob_539,prob_540,prob_541,prob_542,prob_543,prob_544,prob_545,prob_546,prob_547,prob_548,prob_549,prob_550,prob_551,prob_552,prob_553,prob_554,prob_555,prob_556,prob_557,prob_558,prob_559,prob_560,prob_561,prob_562,prob_563,prob_564,prob_565,prob_566,prob_567,prob_568,prob_569,prob_570,prob_571,prob_572,prob_573,prob_574,prob_575,prob_576,prob_577,prob_578,prob_579,prob_580,prob_581,prob_582,prob_583,prob_584,prob_585,prob_586,prob_587,prob_588,prob_589,prob_590,prob_591,prob_592,prob_593,prob_594,prob_595,prob_596,prob_597,prob_598,prob_599,prob_600,prob_601,prob_602,prob_603,prob_604,prob_605,prob_606,prob_607,prob_608,prob_609,prob_610,prob_611,prob_612,prob_613,prob_614,prob_615,prob_616,prob_617,prob_618,prob_619,prob_620,prob_621,prob_622,prob_623,prob_624,prob_625,prob_626,prob_627,prob_628,prob_629,prob_630,prob_631,prob_632,prob_633,prob_634,prob_635,prob_636,prob_637,prob_638,prob_639,prob_640,prob_641,prob_642,prob_643,prob_644,prob_645,prob_646,prob_647,prob_648,prob_649,prob_650,prob_651,prob_652,prob_653,prob_654,prob_655,prob_656,prob_657,prob_658,prob_659,prob_660,prob_661,prob_662,prob_663,prob_664,prob_665,prob_666,prob_667,prob_668,prob_669,prob_670,prob_671,prob_672,prob_673,prob_674,prob_675,prob_676,prob_677,prob_678,prob_679,prob_680,prob_681,prob_682,prob_683,prob_684,prob_685,prob_686,prob_687,prob_688,prob_689,prob_690,prob_691,prob_692,prob_693,prob_694,prob_695,prob_696,prob_697,prob_698,prob_699,prob_700,prob_701,prob_702,prob_703,prob_704,prob_705,prob_706,prob_707,prob_708,prob_709,prob_710,prob_711,prob_712,prob_713,prob_714,prob_715,prob_716,prob_717,prob_718,prob_719,prob_720,prob_721,prob_722,prob_723,prob_724,prob_725,prob_726,prob_727,prob_728,prob_729,prob_730,prob_731,prob_732,prob_733,prob_734,prob_735,prob_736,prob_737,prob_738,prob_739,prob_740,prob_741,prob_742,prob_743,prob_744,prob_745,prob_746,prob_747,prob_748,prob_749,prob_750,prob_751,prob_752,prob_753,prob_754,prob_755,prob_756,prob_757,prob_758,prob_759,prob_760,prob_761,prob_762,prob_763,prob_764,prob_765,prob_766,prob_767,prob_768,prob_769,prob_770,prob_771,prob_772,prob_773,prob_774,prob_775,prob_776,prob_777,prob_778,prob_779,prob_780,prob_781,prob_782,prob_783,prob_784,prob_785,prob_786,prob_787,prob_788,prob_789,prob_790,prob_791,prob_792,prob_793,prob_794,prob_795,prob_796,prob_797,prob_798,prob_799,prob_800,prob_801,prob_802,prob_803,prob_804,prob_805,prob_806,prob_807,prob_808,prob_809,prob_810,prob_811,prob_812,prob_813,prob_814,prob_815,prob_816,prob_817,prob_818,prob_819,prob_820,prob_821,prob_822,prob_823,prob_824,prob_825,prob_826,prob_827,prob_828,prob_829,prob_830,prob_831,prob_832,prob_833,prob_834,prob_835,prob_836,prob_837,prob_838,prob_839,prob_840,prob_841,prob_842,prob_843,prob_844,prob_845,prob_846,prob_847,prob_848,prob_849,prob_850,prob_851,prob_852,prob_853,prob_854,prob_855,prob_856,prob_857,prob_858,prob_859,prob_860,prob_861,prob_862,prob_863,prob_864,prob_865,prob_866,prob_867,prob_868,prob_869,prob_870,prob_871,prob_872,prob_873,prob_874,prob_875,prob_876,prob_877,prob_878,prob_879,prob_880,prob_881,prob_882,prob_883,prob_884,prob_885,prob_886,prob_887,prob_888,prob_889,prob_890,prob_891,prob_892,prob_893,prob_894,prob_895,prob_896,prob_897,prob_898,prob_899,prob_900,prob_901,prob_902,prob_903,prob_904,prob_905,prob_906,prob_907,prob_908,prob_909,prob_910,prob_911,prob_912,prob_913,prob_914,prob_915,prob_916,prob_917,prob_918,prob_919,prob_920,prob_921,prob_922,prob_923,prob_924,prob_925,prob_926,prob_927,prob_928,prob_929,prob_930,prob_931,prob_932,prob_933,prob_934,prob_935,prob_936,prob_937,prob_938,prob_939,prob_940,prob_941,prob_942,prob_943,prob_944,prob_945,prob_946,prob_947,prob_948,prob_949,prob_950,prob_951,prob_952,prob_953,prob_954,prob_955,prob_956,prob_957,prob_958,prob_959,prob_960,prob_961,prob_962,prob_963,prob_964,prob_965,prob_966,prob_967,prob_968,prob_969,prob_970,prob_971,prob_972,prob_973,prob_974,prob_975,prob_976,prob_977,prob_978,prob_979,prob_980,prob_981,prob_982,prob_983,prob_984,prob_985,prob_986,prob_987,prob_988,prob_989,prob_990,prob_991,prob_992,prob_993,prob_994,prob_995,prob_996,prob_997,prob_998,prob_999
1,1,6,0,0,0,0,0,0,0,0,0,0,0,0,0,0,0,0,0,0,0,0,0,0,0,0,0,0,0,0,0,0,0,0,0,0,0,0,0,0,0,0,0,0,0,0,0,0,0,0,0,0,0,0,0,0,0,0,0,0,0,0,0,0,0,0,0,0,0,0,0,0,0,0,0,0,0,0,0,0,0,0,1,0,0,0,0,0,0,0,0,0,0,0,0,0,0,0,0,0,0,0,0,0,0,0,0,0,0,0,0,0,0,0,0,0,0,0,0,0,0,0,0,0,0,0,1,0,0,0,0,0,0,0,0,0,0,0,0,0,0,0,0,0,0,0,0,0,0,0,0,0,0,0,0,0,0,0,0,0,0,0,0,0,0,0,0,0,0,0,0,0,0,0,0,0,0,0,0,0,0,0,0,0,0,0,0,0,0,0,0,0,0,0,0,0,0,0,0,0,0,0,0,0,0,0,0,0,0,0,0,0,0,0,0,0,0,0,0,0,0,0,0,0,0,0,0,0,0,0,0,0,0,0,0,0,0,0,0,0,0,0,0,0,0,0,0,0,0,0,0,0,0,0,0,0,0,0,0,0,0,0,0,0,0,0,0,0,0,0,0,0,0,0,0,0,0,0,0,0,0,0,0,0,0,0,0,0,0,0,0,0,0,0,0,0,0,0,0,0,0,0,0,0,0,0,0,0,0,0,0,0,0,0,0,0,0,0,0,0,0,0,0,0,0,0,0,0,0,0,0,0,0,0,0,0,0,0,0,0,0,0,0,0,0,0,0,0,0,0,0,0,0,0,0,0,0,0,0,0,0,0,0,0,0,0,0,0,0,0,0,0,0,0,0,0,0,0,0,0,0,0,0,0,0,0,0,0,0,0,0,0,0,0,0,0,0,0,0,0,0,0,0,0,0,0,0,0,0,0,0,0,0,0,0,0,0,0,0,0,0,0,0,0,0,0,0,0,0,0,0,0,0,0,0,0,0,0,0,0,0,0,0,0,0,0,0,0,0,0,0,0,0,0,0,0,0,0,0,0,0,0,0,0,0,0,0,0,0,0,0,0,0,0,0,1,0,0,0,0,0,0,0,0,0,0,0,0,0,0,0,0,0,0,0,0,0,0,0,0,0,0,0,0,0,0,0,0,0,0,0,0,0,0,0,0,0,0,0,0,0,0,0,0,0,0,0,0,0,0,0,0,0,0,0,0,0,0,0,0,0,0,0,0,0,0,0,0,0,0,0,0,0,0,0,0,0,0,0,0,0,0,0,0,0,0,0,0,0,0,0,0,0,0,0,0,0,0,0,0,0,0,0,0,0,0,0,0,0,0,0,0,0,0,0,0,0,0,0,0,0,0,0,0,0,0,0,0,0,0,0,0,0,0,0,0,0,0,0,0,0,0,0,0,0,0,0,0,0,0,0,0,0,0,0,0,0,0,0,0,0,0,0,0,0,0,0,0,0,0,0,0,0,0,0,0,0,0,0,0,0,0,0,0,0,0,0,0,0,0,0,0,0,0,0,0,0,0,0,0,0,0,0,0,0,0,0,0,0,0,0,0,0,0,0,0,0,0,0,0,0,0,0,0,0,0,0,0,0,0,0,0,0,0,0,0,0,0,0,0,0,0,0,0,0,0,0,0,0,0,0,0,0,0,0,0,0,0,0,0,0,0,0,0,0,0,0,0,0,0,0,0,0,0,0,0,0,0,0,0,0,0,0,0,0,0,0,0,0,0,0,0,0,0,0,0,0,0,0,0,0,0,0,0,0,0,0,0,0,0,0,0,0,0,0,0,0,0,0,0,0,0,0,0,0,0,0,0,0,0,0,0,0,0,0,0,0,0,0,0,0,0,0,0,0,0,0,0,0,0,0,0,0,0,0,0,0,1,0,0,0,0,0,0,0,0,0,0,0,0,0,0,0,0,0,0,0,0,0,0,0,0,1,0,0,0,0,0,0,0,0,0,0,0,0,0,0,0,0,0,0,0,0,0,0,0,0,0,0,0,0,0,0,0,0,0,0,0,0,0,0,0,0,0,0,0,0,0,0,0,0,0,0,0,0,0,0,0,0,0,0,0,0,0,0,0,0,0,0,0,0,0,0,1,0,0,0,0,0,0,0,0,0,0,0,0,0,0,0,0,0,0,0,0,0,0,0,0,0,0,0,0,0,0,0,0,0,0,0,0,0,0,0,0,0,0,0,0,0,0,0,0,0,0,0,0,0,0,0,0,0,0,0,0,0,0,0,0,0,0,0,0,0
1,6,6,0,0,0,0,0,0,0,0,0,0,0,0,0,0,0,0,0,0,0,0,0,0,1,0,0,0,0,0,0,0,0,0,0,0,0,0,0,0,0,0,0,0,0,0,0,0,1,0,0,0,0,0,0,0,0,0,0,0,0,0,0,0,0,0,0,0,0,0,0,0,0,0,0,0,0,0,0,0,0,0,0,0,0,0,0,0,0,0,0,0,0,0,0,0,0,0,0,0,0,0,0,0,0,0,0,0,0,0,0,0,0,0,0,0,0,0,0,0,0,0,0,0,0,0,0,0,0,0,0,0,0,0,0,0,1,0,0,0,0,0,0,0,0,0,0,0,0,0,0,0,0,0,0,0,0,0,0,0,0,0,0,0,0,0,0,0,0,0,0,0,0,0,0,0,0,0,0,0,0,0,0,0,0,0,0,0,0,0,0,0,0,0,0,0,0,0,0,0,0,0,0,0,0,0,0,0,0,0,0,0,0,0,0,0,0,0,0,0,0,0,0,0,0,0,0,0,0,0,0,0,0,0,0,0,0,0,0,0,0,0,0,0,0,0,0,0,0,0,0,0,0,0,0,0,0,0,0,0,0,0,0,0,0,0,0,0,0,0,0,0,0,0,0,0,1,0,0,1,0,0,0,0,0,0,0,0,0,0,0,0,0,0,0,0,0,0,0,0,0,0,0,0,0,0,0,0,0,0,0,0,0,0,0,0,0,0,0,0,0,0,0,0,0,0,0,1,0,0,0,0,0,0,0,0,0,0,0,0,0,0,0,0,0,0,0,0,0,0,0,0,0,0,0,0,1,0,0,0,0,0,0,0,0,0,0,0,0,0,0,0,0,0,0,0,0,0,0,0,0,0,0,0,0,0,0,0,0,0,0,0,0,0,0,0,0,0,0,0,0,0,0,0,0,0,0,0,0,0,0,0,0,0,0,0,0,0,0,0,0,0,0,0,0,0,0,0,0,0,0,0,0,0,0,0,0,0,0,0,0,0,0,0,0,0,0,0,0,0,0,0,0,0,0,0,0,0,0,0,0,0,0,0,0,0,0,0,0,0,0,0,0,0,0,0,0,0,0,0,0,0,0,0,0,0,0,0,0,0,1,0,0,0,0,0,1,0,0,0,0,0,0,0,0,0,0,0,0,0,0,1,0,0,0,0,0,0,0,0,0,0,0,0,0,0,0,0,0,0,0,0,0,0,0,0,0,0,0,0,0,0,0,0,0,0,0,0,0,0,0,0,0,0,0,1,0,0,0,0,0,0,0,0,0,0,0,0,0,0,0,0,0,0,0,0,0,1,0,0,0,0,0,0,0,0,0,0,0,0,0,0,0,0,0,0,0,0,0,0,0,0,0,0,0,0,0,0,0,0,0,0,0,0,0,0,0,0,0,0,0,0,0,0,0,0,0,0,0,0,0,0,0,0,0,0,0,0,0,0,0,0,0,0,0,0,0,0,0,0,0,0,0,0,0,0,0,0,0,0,0,0,0,0,0,0,0,0,0,0,0,0,1,0,0,0,0,0,0,0,0,0,0,0,0,0,0,0,0,0,0,0,0,0,0,0,0,0,0,0,0,0,0,0,0,0,0,0,0,0,0,0,0,0,0,0,0,0,0,0,0,0,0,0,0,0,0,0,0,0,0,0,0,0,0,0,0,0,0,0,0,0,0,0,0,0,0,0,0,0,0,0,0,0,0,0,0,0,0,0,0,0,0,0,0,0,0,0,0,0,0,0,0,0,0,0,0,0,0,0,0,0,0,0,0,0,0,0,0,0,0,0,0,0,0,0,0,0,0,0,0,0,0,0,0,0,0,0,1,0,0,0,0,0,0,0,0,0,0,0,1,0,0,0,0,0,0,0,0,0,0,0,0,0,0,1,0,0,0,0,0,0,0,0,0,1,0,0,0,0,0,0,0,0,0,0,0,0,0,0,0,0,0,0,0,0,0,0,0,0,0,0,0,0,0,0,0,0,0,0,0,0,0,0,0,0,0,0,0,0,0,0,0,0,0,0,0,0,0,0,0,0,0,0,0,0,0,0,0,1,0,0,0,0,0,0,0,0,0,0,0,0,0,0,0,0,0,0,0,0,0,0,0,0,0,0,0,0,0,0,0,1,0,0,0,0,0,0,0,0,0,0,0,0,0,0,0,0,0,0,0,0,0,0,0,0,0,0,0,0,0,0,0,0,0,0,0,0,0,0,0,0,0,0,0,0,0,0,0,0,0,0,0,0,0,0,0,0,0,0,0,0,0
1,24,6,0,0,0,1,0,0,1,1,1,0,0,0,1,2,0,0,2,1,0,0,0,0,1,0,0,0,0,0,2,1,0,2,0,0,0,0,0,0,0,1,1,2,1,0,1,1,1,1,1,0,1,0,0,1,0,1,1,1,0,0,1,0,1,1,0,0,1,0,0,0,2,0,0,0,0,1,0,0,1,0,0,1,1,1,0,0,0,0,0,0,0,1,1,0,0,0,0,0,0,1,0,0,0,0,1,0,0,0,0,1,0,0,0,1,0,1,1,0,0,1,0,0,1,0,1,3,0,0,0,2,0,0,0,0,0,1,1,1,1,0,1,0,0,2,0,1,0,0,0,0,1,0,0,1,0,0,1,1,0,0,0,0,1,0,1,0,0,1,0,1,0,1,0,0,1,0,1,1,0,0,0,0,0,0,0,0,1,0,1,1,0,0,1,0,1,1,0,0,0,1,0,1,0,0,0,0,1,1,1,0,1,0,1,0,0,1,0,0,1,0,1,2,1,0,1,0,1,0,1,0,0,2,0,0,1,0,0,3,0,1,0,0,0,0,0,1,1,1,0,1,2,0,2,0,0,0,1,1,0,1,2,1,0,0,1,1,1,0,0,0,1,0,0,0,0,0,1,0,2,0,1,0,0,0,0,0,1,0,0,0,1,1,0,0,0,0,1,0,1,1,0,1,1,2,0,0,0,1,0,0,0,0,1,0,0,0,1,0,0,1,2,0,0,0,1,1,1,1,0,0,0,0,1,0,0,0,0,0,0,1,0,2,0,0,0,0,2,1,0,1,2,0,0,1,0,1,1,0,0,3,0,0,0,1,2,0,0,0,1,0,0,0,0,1,0,1,0,0,0,0,0,0,0,1,0,0,0,0,0,0,0,0,0,0,1,1,2,0,0,0,0,1,1,0,1,1,0,0,0,0,0,1,0,1,0,2,0,1,0,0,1,0,0,1,0,1,1,1,0,1,0,0,0,0,1,0,0,1,0,1,1,1,0,1,1,0,1,0,0,2,0,0,0,0,1,0,1,0,1,1,1,1,1,3,1,0,0,1,1,1,0,1,1,0,0,0,0,0,1,1,2,1,0,1,1,0,1,0,0,0,2,0,0,0,0,0,0,0,0,0,0,0,0,0,1,0,1,0,0,0,1,0,0,0,0,1,1,0,0,1,0,0,0,0,0,0,2,0,1,0,1,0,0,1,0,2,0,3,0,0,0,0,0,1,0,0,1,0,0,0,0,1,1,0,0,0,0,2,0,2,0,1,1,0,0,0,2,0,0,0,0,1,0,1,0,0,1,1,0,0,0,0,1,0,1,0,0,0,0,0,1,1,1,0,0,1,1,0,0,0,0,0,1,0,0,1,0,0,0,0,0,1,2,0,0,0,0,1,1,0,0,0,1,2,0,0,1,0,1,1,0,0,2,1,1,1,0,1,0,0,1,0,0,1,1,1,0,0,0,0,0,0,0,0,2,0,0,0,0,0,0,0,0,0,0,0,1,0,0,0,1,1,1,0,0,1,0,0,1,2,0,0,2,1,1,1,2,0,1,0,0,0,0,0,1,1,1,1,1,2,0,1,1,0,0,0,0,0,1,0,1,1,1,2,0,1,1,1,0,0,0,1,2,0,0,0,0,0,0,1,0,0,0,1,1,1,0,2,0,1,0,2,0,0,0,1,1,0,0,0,0,0,0,0,0,0,0,1,0,0,0,0,0,1,1,1,0,1,0,1,1,0,0,0,1,0,3,0,2,1,0,1,0,1,0,2,1,1,0,0,0,0,0,1,0,0,1,0,0,0,1,0,0,0,0,0,0,1,0,1,0,0,0,0,1,0,0,0,1,1,1,1,1,0,0,1,1,0,0,0,0,0,0,0,1,0,1,0,0,0,0,0,0,0,0,0,0,0,0,0,2,1,0,1,2,1,1,0,0,0,0,1,0,0,0,1,1,0,0,0,0,1,2,0,1,0,0,0,0,0,1,0,1,0,1,0,1,0,1,0,0,1,1,1,2,0,0,0,0,1,1,0,0,0,2,1,0,0,0,0,0,0,1,0,2,1,0,0,1,0,2,0,0,0,1,1,0,0,0,1,0,1,0,0,0,0,0,0,0,0,0,1,1,0,0,2,0,0,1,0,1,0,2,0,0,1,0,0,0,1,0,0,0,0,4,1,0,0,0,0,0,0,0,1,0,0,0,1,0,1,0,1,2,0,2,1,2,0,0,0,0,0,0,1,0,1,2,2,1,0,0
2,24,6,1,0,1,0,0,0,0,0,1,2,0,2,0,1,2,1,1,1,0,1,0,1,0,1,3,1,0,1,0,0,1,2,2,0,0,0,0,1,1,1,1,2,1,1,0,1,3,1,2,0,0,2,1,1,1,1,0,0,0,0,2,0,1,1,0,1,0,0,1,1,0,1,1,0,3,0,0,1,2,0,1,0,2,3,0,1,0,0,1,2,0,0,1,1,1,0,1,3,0,0,0,0,0,1,1,0,1,0,2,3,0,2,1,1,1,2,1,0,2,3,1,0,3,0,0,0,0,1,3,3,0,2,0,0,1,2,2,2,0,2,2,0,2,3,2,1,0,2,0,1,3,0,2,2,0,3,0,1,1,1,2,3,1,1,0,1,0,1,0,1,1,2,2,0,1,1,2,1,0,2,0,0,0,0,0,1,4,0,1,1,0,2,0,0,0,2,1,0,1,0,0,2,2,2,2,0,2,2,0,1,1,0,3,1,3,3,1,1,0,1,0,1,0,2,2,1,1,1,2,1,1,2,1,1,1,1,0,1,1,0,0,0,1,0,2,1,1,0,1,2,1,0,1,4,0,1,2,0,1,0,2,0,3,2,0,0,1,0,3,1,1,2,2,0,1,1,0,0,1,1,1,2,0,1,0,0,0,0,1,0,1,0,2,1,0,2,0,1,0,0,1,1,1,0,1,1,1,1,3,1,1,1,0,3,1,1,0,2,1,0,2,1,1,1,1,1,1,1,2,2,0,2,1,0,1,1,1,3,0,0,2,1,0,1,1,3,0,1,1,2,1,0,1,1,1,3,0,1,1,0,1,1,0,3,0,1,1,0,2,0,0,2,0,0,1,2,0,1,0,0,0,2,3,0,1,2,1,1,1,1,2,2,0,2,2,0,3,0,1,0,1,0,3,0,2,2,1,0,2,1,1,1,0,1,1,0,0,1,1,2,2,1,2,1,1,2,0,0,0,0,0,1,2,1,0,0,0,3,0,0,1,1,1,1,0,1,2,2,1,3,0,0,1,1,1,0,0,0,1,1,1,0,2,1,1,2,0,0,1,1,2,1,1,0,2,0,2,1,1,1,2,1,0,2,0,0,2,0,1,2,1,1,2,2,1,1,2,1,1,1,1,1,0,2,0,1,1,2,1,2,1,0,0,1,0,2,0,2,1,1,0,0,1,2,0,1,1,0,3,0,3,0,0,0,0,1,1,0,0,2,0,0,1,1,1,0,4,1,2,0,2,0,1,4,2,1,2,2,4,0,1,3,2,1,0,1,2,1,1,1,1,2,1,0,0,1,2,1,1,0,1,1,1,0,1,0,2,1,0,0,0,1,1,2,1,3,2,1,0,0,1,0,2,1,0,0,1,2,1,2,1,0,2,2,2,2,2,1,2,1,0,1,0,1,2,1,0,0,2,0,1,0,2,1,0,0,0,1,0,1,1,0,0,2,2,0,0,0,0,0,2,1,1,0,1,1,1,1,2,1,1,0,2,2,1,2,1,1,1,1,1,1,1,0,1,2,2,1,1,1,2,1,1,1,1,3,5,0,2,1,2,0,0,2,0,0,2,1,0,0,1,1,1,1,1,1,0,3,1,1,0,1,1,0,2,1,1,0,2,1,1,3,0,0,0,0,1,2,3,0,1,0,1,2,3,0,1,2,3,0,0,0,2,3,0,1,0,3,1,0,0,1,0,0,0,1,0,1,0,3,2,2,3,1,1,0,2,0,1,4,4,0,1,2,2,0,1,2,2,1,0,0,1,2,0,0,1,1,1,2,0,0,2,2,0,1,0,2,0,0,4,0,0,1,1,1,0,1,2,1,0,0,1,0,3,1,1,2,0,0,0,2,1,2,0,1,1,0,1,0,1,0,3,2,0,1,3,0,0,1,1,1,0,1,1,1,1,1,1,0,2,1,0,1,0,1,0,2,1,0,0,1,2,1,1,1,1,0,1,0,2,2,2,2,2,1,1,1,1,3,0,0,0,0,2,1,0,2,0,0,0,2,0,1,0,1,0,0,2,1,2,1,1,1,1,2,1,1,0,1,1,0,2,2,0,1,1,0,1,0,0,1,0,0,1,0,0,0,1,0,2,0,2,1,0,2,0,1,0,2,3,0,0,3,0,1,2,1,0,1,2,0,1,1,0,0,1,1,0,1,1,1,0,0,1,1,1,0,1,0,1,1,1,0,0,2,1,3,1,0,1,1,1,0,0,1,2,2,1,2,0,1,0,1,1,1,0,0,0,1,0
2,44,6,4,3,4,6,2,3,5,3,4,4,3,4,4,4,4,2,3,2,2,6,2,4,3,3,0,3,3,5,4,6,3,4,5,2,4,4,4,5,4,3,5,3,4,3,4,4,3,5,4,5,1,6,3,2,4,5,3,5,3,2,2,4,2,2,4,1,4,2,4,4,3,2,4,2,5,3,2,5,5,6,4,2,4,3,2,1,4,2,5,2,1,3,4,6,6,1,5,3,3,2,2,3,5,3,4,5,2,3,5,5,2,4,3,4,5,2,4,3,3,4,4,2,4,4,5,3,5,3,4,2,5,4,2,5,3,4,4,3,5,4,5,2,5,4,5,4,2,4,3,4,4,3,4,5,3,4,3,3,3,6,4,5,5,5,2,2,5,4,4,1,5,6,4,3,4,4,5,5,4,4,5,4,3,4,4,6,5,4,2,5,3,4,4,5,3,4,2,2,3,2,1,3,5,5,4,5,4,4,3,5,2,3,3,1,3,4,4,5,4,3,2,5,6,4,3,3,3,5,1,5,5,6,3,4,3,3,5,2,3,5,4,5,4,3,5,3,3,2,4,4,5,5,4,2,6,4,3,4,5,5,5,3,3,5,3,3,4,4,2,5,3,3,4,5,3,2,3,4,4,2,5,6,2,5,5,2,3,3,3,5,4,2,4,2,2,3,2,3,4,4,3,5,5,4,5,3,3,4,5,2,4,2,2,2,4,5,4,3,3,4,0,4,3,4,3,4,4,5,2,4,3,6,2,3,3,4,4,4,3,6,2,3,4,4,4,5,3,5,3,4,4,2,5,4,4,3,5,4,3,2,3,2,6,3,3,3,5,4,3,3,4,2,5,6,4,3,4,2,4,5,2,4,2,5,6,6,3,2,3,2,3,2,4,3,5,3,6,2,3,4,4,5,6,4,3,5,1,5,5,5,2,3,3,2,4,5,5,2,1,2,1,4,2,3,5,4,3,3,0,3,2,4,2,4,3,2,4,3,3,4,3,3,4,3,4,3,4,6,4,4,4,5,3,3,4,4,2,5,5,2,2,2,4,5,3,4,4,6,3,3,5,3,5,3,3,4,5,3,4,3,4,4,2,2,5,2,6,4,5,3,4,6,5,5,3,5,2,5,4,3,3,4,4,2,4,4,4,4,5,3,3,4,4,2,3,3,5,5,4,2,3,5,4,5,5,3,1,3,1,4,2,5,3,5,5,2,5,3,3,3,2,5,1,5,2,3,2,3,2,3,3,4,3,4,4,4,4,4,3,3,5,2,4,3,2,3,5,3,5,5,4,4,4,4,4,3,4,3,4,6,2,3,4,5,5,1,4,5,5,4,1,4,4,5,3,3,4,4,5,3,4,3,4,4,4,2,5,4,3,5,4,4,2,3,4,4,4,3,2,3,3,5,3,3,6,5,3,3,2,5,2,4,4,3,5,5,3,3,3,6,5,5,4,5,3,3,2,4,3,2,1,2,3,4,5,4,4,2,4,3,3,1,3,2,2,5,5,3,2,6,3,5,4,2,5,3,4,3,3,5,4,4,5,3,3,2,3,4,3,3,5,5,3,4,4,3,5,4,4,5,4,5,4,5,5,3,2,5,3,3,4,6,3,5,3,5,4,5,3,1,4,6,3,5,4,3,3,4,5,4,4,4,2,4,3,4,2,5,4,4,3,3,5,2,3,4,5,6,5,3,2,3,4,4,1,4,5,6,3,5,5,3,3,2,4,6,3,4,4,6,3,3,5,3,2,1,2,4,3,4,4,5,3,5,4,3,3,4,3,5,2,3,5,4,2,4,4,4,4,4,3,4,3,3,5,4,4,5,4,4,4,4,3,4,1,4,1,2,4,6,4,4,5,3,2,2,5,5,4,4,2,5,4,4,3,3,4,4,3,3,4,4,4,5,4,3,4,6,5,5,3,3,5,5,1,5,3,5,4,4,3,4,5,4,2,3,2,4,4,3,3,5,4,4,5,5,4,1,4,3,3,3,3,6,3,4,3,4,4,4,2,5,2,1,4,5,5,2,4,2,3,3,5,4,4,3,2,3,5,4,5,4,3,4,3,5,4,5,2,3,5,3,4,2,3,4,4,5,4,6,2,3,2,5,4,3,5,4,3,4,3,3,4,2,4,4,2,3,5,3,2,5,2,2,4,3,5,4,2,2,5,2,2,1,4,3,4,3,4,5,4,5,6,4,3,3,3,4,4,4,2,4,3,5,3,3,4,3,4,4,4,3,4,3,3,1,5,3,6,3,3
3,24,5,3,1,2,3,3,2,1,3,2,4,1,1,1,4,3,3,2,3,4,4,2,1,4,4,3,1,2,2,1,2,3,3,3,1,0,3,2,4,2,2,1,2,2,2,3,3,3,2,4,1,3,1,2,3,1,2,4,3,4,2,2,2,2,3,3,2,3,1,1,0,3,3,2,3,3,2,1,0,2,1,2,1,3,3,4,3,1,2,1,1,3,5,5,2,2,4,1,2,2,2,1,1,3,3,1,3,4,2,4,2,1,3,2,3,2,3,1,2,1,1,2,1,3,4,2,0,2,3,3,4,2,2,2,2,1,2,3,1,3,1,3,0,4,1,0,3,0,2,1,3,4,0,3,2,1,3,2,3,1,1,5,2,3,3,3,2,2,2,2,2,2,1,2,2,5,1,3,2,3,2,3,4,4,1,1,2,1,2,1,1,3,4,2,4,4,3,2,2,2,4,3,3,0,3,0,4,0,3,4,2,2,3,2,3,1,2,2,2,3,1,1,3,1,3,1,5,2,1,3,3,1,2,3,3,3,3,2,0,1,3,3,3,3,2,2,1,1,2,2,2,1,3,3,1,1,2,5,1,0,0,2,4,1,1,2,1,4,4,0,0,0,3,2,2,2,4,1,2,2,3,3,3,2,4,2,2,3,1,3,3,3,2,1,3,2,2,3,2,3,2,3,3,1,1,1,4,2,4,3,3,3,1,1,3,3,3,2,3,5,0,3,2,3,2,4,3,2,1,2,3,3,1,0,3,2,2,3,2,2,1,0,1,2,3,2,3,3,3,2,2,2,0,2,3,2,1,4,0,3,2,4,2,4,3,2,3,1,2,1,2,2,2,1,3,2,1,1,4,3,5,1,2,4,3,0,3,1,1,2,1,2,3,2,1,2,3,3,2,2,4,3,2,3,2,1,2,1,4,2,2,2,3,0,2,2,2,3,2,1,2,3,1,2,2,0,3,1,1,2,2,2,3,2,3,2,3,1,1,1,2,2,1,4,3,1,3,2,1,3,2,3,3,1,1,2,2,0,3,1,0,4,0,3,3,0,1,1,3,3,1,2,3,3,1,3,2,3,3,1,3,2,2,2,1,5,2,2,1,0,2,2,4,2,2,3,2,3,3,4,2,1,2,2,2,2,2,1,4,2,1,2,2,2,3,1,3,2,2,2,2,2,4,2,3,2,2,2,3,5,3,1,4,3,3,2,3,3,4,3,3,4,2,1,3,1,1,3,2,3,2,3,3,2,3,2,2,3,1,2,1,2,3,2,4,4,2,4,2,1,4,2,2,2,3,0,1,3,1,1,4,2,0,2,1,3,1,1,1,2,0,3,2,3,4,4,2,2,2,2,2,5,2,2,2,2,3,4,1,1,2,2,3,1,2,3,2,2,3,0,1,2,3,0,3,3,3,2,3,2,3,2,1,2,1,2,3,0,2,1,2,2,3,1,2,3,1,2,1,3,2,3,3,1,4,1,2,2,2,1,1,1,1,3,2,2,3,2,3,3,1,1,2,2,1,3,1,3,3,2,2,2,1,2,2,2,2,3,4,3,2,3,3,1,2,4,1,2,2,4,4,2,1,2,1,1,2,2,1,3,2,2,2,4,1,2,2,1,1,2,1,1,3,3,3,3,1,1,1,2,1,3,5,1,2,4,4,3,2,1,4,3,3,4,3,3,1,3,3,2,1,2,2,3,2,2,2,3,4,2,2,2,2,2,2,2,5,1,2,5,1,2,2,2,3,2,2,3,4,1,2,3,0,1,1,3,2,2,2,1,1,3,2,3,4,2,2,2,2,2,4,4,2,1,2,4,2,3,3,4,0,1,0,4,3,1,2,3,1,4,3,2,3,2,1,1,2,4,2,3,1,2,3,3,2,2,2,2,2,2,2,2,3,1,2,0,4,2,3,3,1,2,1,2,4,4,0,1,3,3,2,1,1,1,1,2,2,3,4,3,2,3,1,4,2,3,3,3,1,1,3,5,4,0,3,2,2,4,1,3,3,2,2,2,3,2,1,2,1,1,4,3,1,4,3,2,2,3,4,3,1,1,5,2,2,4,1,2,1,1,3,2,2,1,2,2,2,2,3,4,1,1,2,2,2,1,3,1,3,2,2,1,0,1,1,3,1,3,2,4,0,3,0,2,3,2,2,1,3,0,3,1,3,4,3,2,3,2,2,3,2,3,3,1,1,3,2,4,1,1,1,1,2,4,2,5,3,1,2,2,3,4,2,2,0,1,3,1,3,3,1,3
4,24,6,0,1,0,0,0,1,1,0,1,1,2,0,0,2,1,3,0,0,0,2,1,1,0,1,2,0,0,2,1,0,1,1,1,0,1,2,1,0,1,1,0,1,0,0,1,0,1,0,0,1,1,1,1,1,1,3,0,1,0,2,0,0,0,0,2,0,0,0,0,0,2,0,2,1,0,1,0,1,0,1,1,0,1,2,0,1,0,1,1,1,0,2,2,0,0,1,1,0,2,0,0,0,0,1,1,1,2,1,0,2,0,1,0,1,1,2,1,0,0,1,2,2,1,0,1,0,0,0,2,0,0,1,0,0,2,1,1,0,1,1,0,1,0,1,2,0,0,0,0,2,1,0,2,2,1,1,0,1,0,2,1,1,1,1,1,0,0,0,2,1,0,0,1,0,2,1,1,3,2,0,1,0,0,0,1,0,1,0,2,1,2,0,0,2,2,0,1,0,0,3,1,2,1,1,1,1,0,0,1,2,0,1,2,1,0,0,1,0,1,2,1,0,1,0,0,0,1,0,0,1,1,0,0,1,0,0,2,1,0,1,0,2,1,0,0,1,0,1,1,0,0,0,0,0,3,2,0,2,4,0,0,0,0,0,0,1,1,0,0,0,0,1,0,1,0,2,0,1,0,0,1,0,2,0,1,0,1,1,0,0,2,0,2,1,1,2,1,1,1,0,0,1,1,0,1,1,0,1,0,1,0,0,2,0,3,1,1,1,1,0,1,0,0,1,2,1,1,2,3,0,1,1,2,0,0,2,0,1,0,1,1,2,1,2,1,0,1,0,1,1,0,0,0,2,0,2,1,1,1,1,1,1,0,1,1,1,1,1,0,0,2,0,0,0,1,1,0,1,0,1,0,1,2,0,2,0,0,2,2,1,0,1,1,2,1,0,1,1,2,1,0,0,3,1,0,0,2,2,0,2,0,0,0,0,0,1,1,0,0,0,0,0,0,1,0,1,1,1,0,1,1,0,0,0,0,1,1,1,0,2,1,1,0,1,0,0,0,0,2,0,0,0,0,0,0,0,1,1,2,1,1,0,0,1,2,2,1,0,1,0,0,0,0,2,0,2,2,1,1,1,1,0,1,1,0,0,1,1,2,1,1,1,0,0,1,0,0,0,1,0,0,0,0,1,2,1,1,0,2,1,1,0,0,0,0,0,0,1,0,0,0,0,1,1,0,1,1,1,2,0,1,0,2,2,0,0,1,0,1,0,1,1,0,1,1,1,0,0,2,0,2,1,0,1,0,1,0,1,0,0,1,1,1,1,1,0,1,0,0,0,1,2,0,0,0,0,1,0,1,0,2,1,1,0,0,0,0,0,1,1,0,1,3,1,1,0,0,0,0,0,1,1,2,0,0,0,0,0,1,1,1,0,2,0,0,1,0,0,0,0,0,2,2,1,0,1,0,1,1,2,2,1,0,0,0,2,0,1,1,1,1,1,0,0,0,1,1,0,1,0,0,0,2,0,1,1,0,0,0,0,0,1,1,1,0,0,0,0,0,1,0,1,0,0,1,0,0,0,0,0,0,2,2,1,1,2,2,0,0,0,1,0,1,0,1,0,2,0,0,0,1,0,2,1,3,2,0,0,1,1,1,0,1,0,1,0,1,0,0,0,0,0,3,1,0,0,1,0,1,0,0,1,1,1,1,1,0,2,0,0,0,3,1,1,0,1,1,0,0,0,0,2,1,0,0,1,1,1,0,2,1,0,1,0,1,0,1,0,1,0,1,0,1,1,0,0,0,1,1,2,2,1,0,1,2,1,0,1,1,0,0,0,2,0,0,0,0,0,0,1,0,1,0,0,1,0,2,0,0,3,0,0,1,1,0,1,2,1,1,0,1,2,0,0,0,0,1,0,0,1,1,1,0,2,1,2,0,1,0,2,0,0,0,0,0,1,0,0,0,0,2,1,1,0,1,1,0,2,1,2,1,1,3,2,2,2,0,0,2,0,1,0,3,0,0,2,1,1,0,0,2,1,0,2,5,2,1,1,1,1,1,0,1,2,0,1,3,1,0,0,1,0,0,3,0,0,1,0,0,0,2,1,0,1,0,0,1,0,0,1,0,0,1,1,1,0,1,0,1,1,1,1,0,1,0,2,1,3,0,0,0,2,0,2,0,1,1,2,1,0,1,0,3,0,2,2,0,1,0,1,2,1,0,0,1,2,1,0,0,1,0,1,1,1,1,1,0,1,0,1,2,1,0,1,0,0,1,0,0,1,1,1,1,0,0,1,0,0,2,2,0
4,48,5,4,4,4,3,4,4,3,5,2,3,3,5,3,3,4,3,4,4,3,5,3,3,2,5,3,3,4,3,5,2,3,3,3,3,5,3,2,4,4,4,3,2,4,3,3,2,4,3,3,5,4,4,4,4,4,3,3,3,4,4,4,3,4,5,3,4,4,3,3,4,3,5,4,3,4,4,3,4,4,2,3,4,4,4,3,2,3,4,3,2,4,3,4,2,3,4,4,4,4,4,2,4,4,3,3,3,4,4,3,3,2,2,5,5,4,4,3,4,4,3,5,5,3,3,5,5,2,4,4,3,3,4,4,4,3,4,4,3,3,4,3,3,3,4,4,3,3,4,3,4,4,4,2,3,4,3,3,4,4,1,5,4,4,3,3,4,5,4,3,3,5,4,3,3,2,4,3,3,3,4,4,3,4,4,3,1,5,2,3,3,3,4,4,3,2,3,5,5,3,5,2,3,2,3,2,4,4,4,3,4,4,3,3,4,2,4,5,3,5,4,3,2,4,3,3,3,3,3,5,4,5,5,3,3,5,3,3,3,4,3,4,4,4,3,2,4,3,3,4,4,3,2,4,3,3,4,4,4,4,2,3,4,3,4,3,3,2,3,4,3,3,4,4,4,4,2,3,3,3,4,4,3,3,5,2,4,3,4,4,4,3,4,5,4,5,3,3,3,3,3,2,3,4,3,4,3,4,4,5,3,4,4,3,4,3,3,4,4,4,3,5,4,3,3,3,4,4,4,4,3,4,4,3,3,2,3,4,4,4,3,3,4,2,3,3,3,3,4,3,5,2,4,3,4,3,4,5,3,5,4,3,3,4,4,3,3,4,4,4,5,4,4,4,4,4,4,3,3,4,3,3,3,4,3,3,4,3,4,3,4,3,5,3,4,3,4,3,2,3,4,5,4,3,3,4,3,5,4,2,4,2,2,4,4,2,4,2,3,3,4,2,3,3,3,4,4,3,3,4,3,3,3,4,3,4,3,5,3,3,3,3,4,2,4,4,3,4,4,3,4,3,2,1,2,4,4,4,4,4,3,3,4,4,4,4,4,3,4,3,4,5,3,3,5,4,3,5,3,4,4,2,3,2,4,4,4,5,3,5,3,3,2,3,4,3,5,4,3,4,5,4,3,3,4,4,4,4,4,4,3,3,5,4,5,3,4,4,4,5,3,3,4,4,4,3,3,3,4,3,4,2,5,4,5,3,5,3,3,4,3,4,3,4,4,3,3,4,5,4,3,4,4,4,3,3,3,4,1,4,3,3,3,4,3,5,3,5,2,3,5,3,4,3,4,2,4,4,3,3,4,4,3,4,2,4,4,4,5,3,4,3,4,5,3,2,4,3,2,3,4,4,4,4,4,4,3,2,3,4,4,3,4,4,3,3,3,3,3,4,5,2,1,3,4,3,4,3,3,2,4,4,3,3,3,5,2,2,3,3,4,2,4,4,4,3,3,3,3,4,4,3,3,4,4,4,5,4,3,3,4,4,3,5,5,5,4,3,2,1,3,3,3,3,3,4,2,2,4,3,4,5,3,3,3,5,4,3,3,2,4,3,2,3,3,4,3,4,3,4,3,5,4,3,4,4,3,2,5,3,3,3,4,3,4,3,3,5,3,4,4,2,5,4,5,5,2,3,3,4,4,4,4,4,4,4,4,4,3,4,3,3,4,3,3,4,5,4,4,4,3,5,4,4,3,4,4,5,5,3,5,3,4,3,4,5,3,3,3,3,5,4,4,3,4,4,4,4,3,3,4,3,4,3,4,3,4,3,3,3,4,3,3,3,2,3,4,4,4,4,4,4,5,3,4,4,5,2,3,3,3,4,5,3,4,3,3,3,3,3,2,4,3,4,3,2,3,5,4,3,4,3,3,3,3,4,2,4,4,3,2,4,5,3,4,3,3,3,4,3,4,4,4,3,4,4,4,3,4,4,3,4,4,5,3,4,3,4,3,4,3,4,3,5,3,4,5,5,4,4,3,1,3,4,3,3,3,3,3,3,4,3,5,3,3,4,4,4,4,3,4,4,4,4,3,4,2,4,5,4,4,3,3,4,3,3,5,2,3,3,4,4,4,3,4,3,3,5,3,3,4,5,3,2,3,4,4,3,3,3,3,4,4,3,3,3,2,2,3,4,4,3,2,2,1,1,3,4,3,3,4,3,2,4,4,4,3,4,4,4,3,4,3,4,4,2,4,5,3,3,3,4,3,3,3,5,4,3,4,4,3,3,4,5,4,3,2,3,3,4,4,4
5,24,6,1,2,1,1,1,1,1,0,1,1,0,1,0,1,2,1,0,0,2,0,1,0,0,0,1,0,2,1,0,1,2,0,0,1,0,0,0,0,0,3,1,1,0,0,1,0,0,1,1,1,0,1,0,1,0,0,0,0,1,0,0,1,0,1,0,0,0,0,2,1,1,1,0,0,3,0,1,0,0,0,1,1,0,0,2,1,0,0,2,2,0,1,1,0,0,0,0,0,0,0,0,2,0,2,0,1,0,1,0,1,0,1,2,0,0,1,1,0,1,2,1,0,1,0,0,1,1,0,0,1,1,0,0,2,0,1,1,2,0,1,1,0,0,2,2,0,1,1,1,0,0,0,0,1,1,2,1,0,0,1,2,0,0,0,0,1,0,0,0,0,1,0,0,1,0,0,2,2,1,0,1,2,1,0,1,2,1,0,1,1,0,2,1,0,0,1,0,0,1,2,0,3,0,0,0,1,0,0,0,0,0,0,1,1,2,1,2,0,2,1,1,0,0,1,0,1,1,0,1,0,0,1,1,0,1,0,0,0,1,0,0,1,2,1,1,1,0,1,1,0,1,0,1,1,0,0,1,0,0,0,0,1,1,1,1,1,0,0,0,1,1,0,1,0,0,0,2,2,2,0,0,0,0,1,1,0,1,0,0,0,0,1,0,1,0,1,1,1,1,1,2,0,0,2,0,2,1,1,1,1,0,0,0,1,2,1,1,0,0,1,0,2,1,0,1,1,2,1,0,1,0,2,1,0,0,0,0,1,0,0,1,3,0,0,1,0,0,0,1,1,0,0,1,1,2,1,0,0,0,1,0,2,0,1,0,2,2,0,1,0,1,2,1,0,0,1,1,0,1,2,0,1,0,1,2,0,1,1,0,0,0,1,2,1,0,0,1,1,0,0,1,2,1,1,0,0,1,0,0,1,0,0,2,0,0,1,2,1,1,1,2,1,0,1,0,1,1,0,1,1,1,2,1,1,0,1,0,0,0,1,2,2,0,0,0,1,0,1,1,0,1,0,1,0,0,1,0,1,1,1,0,0,1,0,1,1,1,2,2,1,1,0,0,2,0,1,0,0,1,0,1,1,1,0,1,0,1,0,1,0,1,0,0,1,1,1,1,1,0,0,0,2,0,0,1,0,0,1,0,0,0,1,0,0,0,1,0,1,1,1,0,0,0,1,2,0,1,1,1,0,1,1,0,2,1,2,0,2,0,2,1,0,1,1,0,0,1,2,0,0,0,0,1,0,0,3,0,0,0,1,0,1,0,1,0,1,1,0,2,2,1,1,2,2,0,0,1,0,0,1,1,0,0,0,1,1,0,2,0,1,1,1,0,0,1,0,1,0,2,0,0,1,1,2,0,0,1,1,0,0,2,1,0,2,1,0,1,0,1,1,1,0,0,1,0,1,0,1,0,0,1,0,0,1,0,0,1,0,0,0,0,0,1,0,0,0,0,0,0,2,1,0,0,1,1,0,2,1,0,0,0,0,0,0,1,1,0,1,2,1,0,3,1,1,1,0,2,0,0,0,1,0,0,0,2,0,0,1,1,0,0,0,1,0,2,1,2,1,1,0,1,0,0,0,0,0,1,0,0,0,1,2,1,0,1,1,0,0,0,2,0,1,0,0,0,0,0,1,0,1,1,0,2,0,0,0,1,1,2,1,0,0,1,0,1,1,1,0,0,0,1,1,1,0,1,0,1,0,2,0,0,0,1,0,0,0,1,1,0,1,1,0,1,3,0,0,0,1,1,1,0,0,2,2,1,0,1,1,1,1,0,0,2,0,1,0,0,0,0,1,1,0,2,1,1,0,0,1,1,2,0,1,1,0,0,0,3,0,0,0,2,0,0,1,3,0,0,1,0,1,1,0,0,1,1,1,2,1,1,0,1,0,1,2,1,1,0,1,1,2,0,1,0,1,0,1,2,1,2,0,0,0,0,0,0,1,0,0,0,3,0,0,1,1,0,0,1,2,0,1,1,2,1,0,0,0,0,2,0,0,0,1,0,1,0,0,1,0,1,0,0,0,0,2,1,1,1,0,1,2,0,0,0,1,1,0,0,0,1,0,1,0,2,1,1,1,1,2,0,2,1,1,0,3,1,0,0,0,1,0,0,0,1,1,1,0,0,1,0,1,0,0,0,0,1,1,0,0,2,0,1,0,1,0,3,1,1,1,0,0,0,0,1,1,2,2,1,0,0,1,0,1,0,3,1,1,1,1,0,1,1,1,0,0,0,1,0,0,1,0,1
5,48,6,3,5,3,4,4,3,4,3,3,4,4,3,4,4,5,4,5,5,3,4,4,3,5,4,3,6,5,3,4,6,5,5,4,6,6,3,5,5,2,1,4,4,6,4,2,5,4,4,5,5,2,4,5,3,4,3,3,6,2,3,1,4,4,3,5,3,5,3,5,5,5,5,6,4,2,5,4,2,4,3,4,4,4,4,3,2,5,2,6,3,3,2,4,2,3,4,4,4,4,4,5,4,3,5,5,4,6,4,3,4,5,4,4,4,3,3,5,4,4,5,3,4,3,2,4,5,4,4,3,5,5,5,6,3,4,4,5,5,4,2,4,4,1,3,4,2,4,4,3,4,4,3,5,5,3,4,3,6,3,4,5,6,5,3,5,3,4,4,3,3,5,3,4,2,3,5,5,4,4,2,4,6,5,4,4,4,4,4,5,3,5,6,5,4,5,3,4,4,4,4,5,4,2,6,3,2,4,5,3,4,4,2,4,5,4,3,4,5,2,4,3,4,4,2,5,4,4,4,3,4,3,5,4,5,5,4,5,4,2,5,3,4,5,5,5,3,3,6,4,6,2,4,3,4,4,4,5,5,3,5,4,3,4,3,5,4,3,4,3,4,2,5,3,3,3,4,3,6,3,5,3,4,4,4,2,5,4,4,4,3,5,4,5,4,5,3,3,2,5,3,4,3,4,5,4,4,6,4,4,3,6,4,4,4,4,5,5,3,5,3,4,4,5,4,4,3,6,3,2,4,5,6,3,5,5,5,5,2,4,5,4,3,4,3,3,4,3,2,3,3,4,5,3,4,4,4,4,2,4,5,4,5,3,5,4,3,4,4,3,3,2,6,3,4,4,5,4,4,5,5,1,4,4,4,6,4,2,4,6,4,3,4,3,4,4,6,2,3,5,3,3,5,6,3,5,3,4,5,5,2,4,4,3,4,3,4,3,5,3,3,4,3,2,5,4,3,3,4,4,4,2,3,2,2,4,5,5,4,5,3,4,6,4,4,5,3,5,5,5,5,6,5,5,5,6,3,4,4,3,5,5,3,4,3,5,5,5,4,2,5,4,4,3,2,5,4,4,5,5,5,4,4,4,3,5,4,5,5,5,5,3,3,4,6,3,4,5,4,4,4,4,2,4,4,5,6,5,3,4,3,5,4,3,4,5,3,3,3,6,6,4,4,4,5,5,5,4,4,4,4,5,5,4,4,5,3,5,3,4,4,3,2,5,3,4,3,3,3,3,5,4,6,3,2,3,6,4,3,3,3,4,3,3,4,4,5,5,3,4,4,3,3,3,3,4,3,5,5,2,4,3,4,2,5,4,5,4,5,3,5,6,4,3,3,5,4,5,4,4,3,3,4,4,4,4,3,4,3,5,4,4,5,4,4,5,3,3,3,5,5,3,3,3,5,4,2,5,4,3,3,5,4,3,4,4,4,5,4,5,5,3,5,4,4,4,4,4,4,5,3,6,2,4,5,5,3,2,4,2,4,4,3,5,4,4,3,4,3,4,4,4,5,3,3,4,4,4,4,5,5,3,4,4,3,3,4,5,3,5,6,3,5,3,4,4,4,4,5,4,6,5,4,4,3,4,4,4,4,4,5,3,5,4,3,4,6,4,3,3,4,3,4,3,3,4,3,5,6,4,2,5,5,4,5,4,4,3,4,5,4,3,4,4,4,3,3,5,4,4,5,2,4,5,4,5,4,3,4,5,3,5,5,3,4,4,4,4,2,2,5,4,4,4,3,4,4,4,5,4,3,5,5,3,6,4,3,4,4,4,3,3,3,5,5,4,4,4,5,4,5,5,4,3,4,5,2,5,2,5,6,4,3,4,4,3,5,5,5,3,3,4,4,5,4,4,3,4,4,2,5,3,5,4,5,3,6,5,5,4,3,2,3,4,4,4,4,5,3,5,4,3,4,3,2,5,3,5,4,3,2,4,4,4,5,4,5,3,3,4,3,4,2,4,3,4,3,5,3,6,5,3,3,5,4,3,4,3,5,6,4,4,3,4,3,3,3,4,4,5,3,1,2,3,4,2,5,5,4,3,3,5,2,4,2,5,5,3,3,4,4,4,4,4,5,4,5,4,3,4,3,5,3,6,3,3,5,3,3,3,5,3,4,3,6,3,5,4,4,5,5,5,2,3,3,5,3,4,6,3,5,4,3,6,4,3,4,4,2,3,5,3,4,4,3,5,4,4,2,5,4,5,4,4,3,4,4,5,3,4,5,4,4,3,4,6,5,3,3,5,3,4
6,8,6,0,0,0,0,0,0,0,0,0,0,0,0,0,0,0,0,0,0,0,0,0,0,0,0,0,0,0,0,0,0,0,0,0,0,0,0,0,0,0,0,0,0,0,0,0,0,0,0,0,0,0,0,0,0,0,0,0,0,0,0,0,0,0,0,0,0,0,0,0,0,0,0,0,0,0,0,0,0,0,0,0,0,0,0,0,0,0,0,0,0,0,0,0,0,0,0,0,0,0,0,0,0,0,0,0,0,0,0,0,0,0,0,0,0,0,0,0,0,0,0,0,0,0,0,0,0,0,0,0,0,0,0,0,0,0,0,0,0,0,0,0,0,0,0,0,0,0,0,0,0,0,0,0,0,0,0,0,0,0,0,0,0,0,0,0,0,0,0,0,0,0,0,0,0,0,0,0,0,0,0,0,0,0,0,0,0,0,0,0,0,0,0,0,0,0,0,0,0,0,0,0,0,0,0,0,0,0,0,0,0,0,0,0,0,0,0,0,0,0,0,0,0,0,0,0,0,0,0,0,0,0,0,0,0,0,0,0,0,0,0,0,0,0,0,0,0,0,0,0,0,0,0,0,0,0,0,0,0,0,0,0,0,0,0,0,0,0,0,0,0,0,0,0,0,0,0,0,0,0,0,0,0,0,0,0,0,0,0,0,0,0,0,0,0,0,0,0,0,0,0,0,0,0,0,0,0,0,0,0,0,0,0,0,0,0,0,0,0,0,0,0,0,0,0,0,0,0,0,0,0,0,0,0,0,0,0,0,0,0,0,0,0,0,0,0,0,0,0,0,0,0,0,0,0,0,0,0,0,0,0,0,0,0,0,0,0,0,0,0,0,0,0,0,0,0,0,0,0,0,0,0,0,0,0,0,0,0,0,0,0,0,0,0,0,0,0,0,0,0,0,0,0,0,0,0,0,0,0,0,0,0,0,0,0,0,0,0,0,0,0,0,0,0,0,0,0,0,0,0,0,0,0,0,0,0,0,0,0,0,0,0,0,0,0,0,0,0,0,0,0,0,0,0,0,0,0,0,0,0,0,0,0,0,0,0,0,0,0,0,0,0,0,0,0,0,0,0,0,0,0,0,0,0,0,0,0,0,0,0,0,0,0,0,0,0,0,0,0,0,0,0,0,0,0,0,0,0,0,0,0,0,0,0,0,0,0,0,0,0,0,0,0,0,0,0,0,0,0,0,0,0,0,0,0,0,0,0,0,0,0,0,0,0,0,0,0,0,0,0,0,0,0,0,0,0,0,0,0,0,0,0,0,0,0,0,0,0,0,0,0,0,0,0,0,0,0,0,0,0,0,0,0,0,0,0,0,0,0,0,0,0,0,0,0,0,0,0,0,0,0,0,0,0,0,0,0,0,0,0,0,0,0,0,0,0,0,0,0,0,0,0,0,0,0,0,0,0,0,0,0,0,0,0,0,0,0,0,0,0,0,0,0,0,0,0,0,0,0,0,0,0,0,0,0,0,0,0,0,0,0,0,0,0,0,0,0,0,0,0,0,0,0,0,0,0,0,0,0,0,0,0,0,0,0,0,0,0,0,0,0,0,0,0,0,0,0,0,0,0,0,0,0,0,0,0,0,0,0,0,0,0,0,0,0,0,0,0,0,0,0,0,0,0,0,0,0,0,0,0,0,0,0,0,0,0,0,0,0,0,0,0,0,0,0,0,0,0,0,0,0,0,0,0,0,0,0,0,0,0,0,0,0,0,0,0,0,0,0,0,0,0,0,0,0,0,0,0,0,0,0,0,0,0,0,0,0,0,0,0,0,0,0,0,0,0,0,0,0,0,0,0,0,0,0,0,0,0,0,0,0,0,0,0,0,0,0,0,0,0,0,0,0,0,0,0,0,0,0,0,0,0,0,0,0,0,0,0,0,0,0,0,0,0,0,0,0,0,0,0,0,0,0,0,0,0,0,0,0,0,0,0,0,0,0,0,0,0,0,0,0,0,0,0,0,0,0,0,0,0,0,0,0,0,0,0,0,0,0,0,0,0,0,0,0,0,0,0,0,0,0,0,0,0,0,0,0,0,0,0,0,0,0,0,0,0,0,0,0,0,0,0,0,0,0,0,0,0,0,0,0,0,0,0,0,0,0,0,0,0,0,0,0,0,0,0,0,0,0,0,0,0,0,0,0,0,0,0,0,0,0,0,0,0,0,0,0,0,0,0,0,0,0,0,0,0,0,0,0,0,0,0,0,0,0,0,0,0,0,0,0,0,0,0,0,0,0,0,0,0,0,0
